--
-- PostgreSQL database dump
--

-- Dumped from database version 16.2 (Ubuntu 16.2-1.pgdg22.04+1)
-- Dumped by pg_dump version 16.2 (Ubuntu 16.2-1.pgdg22.04+1)

SET statement_timeout = 0;
SET lock_timeout = 0;
SET idle_in_transaction_session_timeout = 0;
SET client_encoding = 'UTF8';
SET standard_conforming_strings = on;
SELECT pg_catalog.set_config('search_path', '', false);
SET check_function_bodies = false;
SET xmloption = content;
SET client_min_messages = warning;
SET row_security = off;

SET default_tablespace = '';

SET default_table_access_method = heap;

--
-- Name: advisors; Type: TABLE; Schema: public; Owner: postgres
--

CREATE TABLE public.advisors (
    id integer NOT NULL
);


ALTER TABLE public.advisors OWNER TO postgres;

--
-- Name: attributes; Type: TABLE; Schema: public; Owner: postgres
--

CREATE TABLE public.attributes (
    id integer NOT NULL,
    key character varying,
    value character varying,
    product_id integer
);


ALTER TABLE public.attributes OWNER TO postgres;

--
-- Name: attributes_id_seq; Type: SEQUENCE; Schema: public; Owner: postgres
--

ALTER TABLE public.attributes ALTER COLUMN id ADD GENERATED BY DEFAULT AS IDENTITY (
    SEQUENCE NAME public.attributes_id_seq
    START WITH 1
    INCREMENT BY 1
    NO MINVALUE
    NO MAXVALUE
    CACHE 1
);


--
-- Name: categories; Type: TABLE; Schema: public; Owner: postgres
--

CREATE TABLE public.categories (
    id integer NOT NULL,
    caption character varying,
    description text,
    created_at timestamp without time zone,
    updated_at timestamp without time zone,
    parent_category_id integer
);


ALTER TABLE public.categories OWNER TO postgres;

--
-- Name: categories_id_seq; Type: SEQUENCE; Schema: public; Owner: postgres
--

ALTER TABLE public.categories ALTER COLUMN id ADD GENERATED BY DEFAULT AS IDENTITY (
    SEQUENCE NAME public.categories_id_seq
    START WITH 1
    INCREMENT BY 1
    NO MINVALUE
    NO MAXVALUE
    CACHE 1
);


--
-- Name: comments; Type: TABLE; Schema: public; Owner: postgres
--

CREATE TABLE public.comments (
    id integer NOT NULL,
    body text,
    status character varying,
    created_at timestamp without time zone,
    updated_at timestamp without time zone,
    reply_comment_id integer,
    product_id integer,
    user_id integer
);


ALTER TABLE public.comments OWNER TO postgres;

--
-- Name: COLUMN comments.body; Type: COMMENT; Schema: public; Owner: postgres
--

COMMENT ON COLUMN public.comments.body IS 'content of the post';


--
-- Name: comments_id_seq; Type: SEQUENCE; Schema: public; Owner: postgres
--

ALTER TABLE public.comments ALTER COLUMN id ADD GENERATED BY DEFAULT AS IDENTITY (
    SEQUENCE NAME public.comments_id_seq
    START WITH 1
    INCREMENT BY 1
    NO MINVALUE
    NO MAXVALUE
    CACHE 1
);


--
-- Name: customers; Type: TABLE; Schema: public; Owner: postgres
--

CREATE TABLE public.customers (
    id integer NOT NULL
);


ALTER TABLE public.customers OWNER TO postgres;

--
-- Name: customers_products; Type: TABLE; Schema: public; Owner: postgres
--

CREATE TABLE public.customers_products (
    product_id integer NOT NULL,
    customer_id integer NOT NULL,
    rel_type character varying NOT NULL,
    created_at timestamp without time zone DEFAULT now()
);


ALTER TABLE public.customers_products OWNER TO postgres;

--
-- Name: deliveries; Type: TABLE; Schema: public; Owner: postgres
--

CREATE TABLE public.deliveries (
    id integer NOT NULL,
    int_doc_number character varying,
    sender character varying,
    senders_phone character varying,
    sender_warehouse integer,
    city_sender character varying,
    recipient character varying,
    recipients_phone character varying,
    recipient_doors character varying,
    city_recipient character varying,
    order_id integer
);


ALTER TABLE public.deliveries OWNER TO postgres;

--
-- Name: deliveries_id_seq; Type: SEQUENCE; Schema: public; Owner: postgres
--

ALTER TABLE public.deliveries ALTER COLUMN id ADD GENERATED BY DEFAULT AS IDENTITY (
    SEQUENCE NAME public.deliveries_id_seq
    START WITH 1
    INCREMENT BY 1
    NO MINVALUE
    NO MAXVALUE
    CACHE 1
);


--
-- Name: filters; Type: TABLE; Schema: public; Owner: postgres
--

CREATE TABLE public.filters (
    attribute_id integer NOT NULL,
    category_id integer NOT NULL
);


ALTER TABLE public.filters OWNER TO postgres;

--
-- Name: follows; Type: TABLE; Schema: public; Owner: postgres
--

CREATE TABLE public.follows (
    following_user_id integer NOT NULL,
    followed_user_id integer NOT NULL,
    created_at timestamp without time zone
);


ALTER TABLE public.follows OWNER TO postgres;

--
-- Name: leads; Type: TABLE; Schema: public; Owner: postgres
--

CREATE TABLE public.leads (
    id integer NOT NULL,
    payment_type character varying,
    fixed_cost integer,
    created_at timestamp without time zone,
    customer_id integer,
    advisor_id integer
);


ALTER TABLE public.leads OWNER TO postgres;

--
-- Name: leads_id_seq; Type: SEQUENCE; Schema: public; Owner: postgres
--

ALTER TABLE public.leads ALTER COLUMN id ADD GENERATED BY DEFAULT AS IDENTITY (
    SEQUENCE NAME public.leads_id_seq
    START WITH 1
    INCREMENT BY 1
    NO MINVALUE
    NO MAXVALUE
    CACHE 1
);


--
-- Name: orders; Type: TABLE; Schema: public; Owner: postgres
--

CREATE TABLE public.orders (
    id integer NOT NULL,
    payment_type character varying,
    fixed_cost integer,
    created_at timestamp without time zone,
    updated_at timestamp without time zone,
    lead_id integer,
    upsale_id integer
);


ALTER TABLE public.orders OWNER TO postgres;

--
-- Name: orders_id_seq; Type: SEQUENCE; Schema: public; Owner: postgres
--

ALTER TABLE public.orders ALTER COLUMN id ADD GENERATED BY DEFAULT AS IDENTITY (
    SEQUENCE NAME public.orders_id_seq
    START WITH 1
    INCREMENT BY 1
    NO MINVALUE
    NO MAXVALUE
    CACHE 1
);


--
-- Name: photos; Type: TABLE; Schema: public; Owner: postgres
--

CREATE TABLE public.photos (
    id integer NOT NULL,
    uri character varying,
    product_id integer
);


ALTER TABLE public.photos OWNER TO postgres;

--
-- Name: photos_id_seq; Type: SEQUENCE; Schema: public; Owner: postgres
--

ALTER TABLE public.photos ALTER COLUMN id ADD GENERATED BY DEFAULT AS IDENTITY (
    SEQUENCE NAME public.photos_id_seq
    START WITH 1
    INCREMENT BY 1
    NO MINVALUE
    NO MAXVALUE
    CACHE 1
);


--
-- Name: products; Type: TABLE; Schema: public; Owner: postgres
--

CREATE TABLE public.products (
    id integer NOT NULL,
    price integer,
    caption character varying,
    description text,
    created_at timestamp without time zone,
    updated_at timestamp without time zone,
    category_id integer
);


ALTER TABLE public.products OWNER TO postgres;

--
-- Name: products_id_seq; Type: SEQUENCE; Schema: public; Owner: postgres
--

ALTER TABLE public.products ALTER COLUMN id ADD GENERATED BY DEFAULT AS IDENTITY (
    SEQUENCE NAME public.products_id_seq
    START WITH 1
    INCREMENT BY 1
    NO MINVALUE
    NO MAXVALUE
    CACHE 1
);


--
-- Name: products_leads; Type: TABLE; Schema: public; Owner: postgres
--

CREATE TABLE public.products_leads (
    products_id integer NOT NULL,
    leads_id integer NOT NULL
);


ALTER TABLE public.products_leads OWNER TO postgres;

--
-- Name: products_upsales; Type: TABLE; Schema: public; Owner: postgres
--

CREATE TABLE public.products_upsales (
    products_id integer NOT NULL,
    upsales_id integer NOT NULL
);


ALTER TABLE public.products_upsales OWNER TO postgres;

--
-- Name: related_products; Type: TABLE; Schema: public; Owner: postgres
--

CREATE TABLE public.related_products (
    product_id integer NOT NULL,
    related_product_id integer NOT NULL
);


ALTER TABLE public.related_products OWNER TO postgres;

--
-- Name: sessions; Type: TABLE; Schema: public; Owner: postgres
--

CREATE TABLE public.sessions (
    id integer NOT NULL,
    sid character varying,
    state character varying,
    first_ip character varying,
    last_ip character varying,
    created_at timestamp without time zone,
    updated_at timestamp without time zone,
    user_id integer
);


ALTER TABLE public.sessions OWNER TO postgres;

--
-- Name: sessions_id_seq; Type: SEQUENCE; Schema: public; Owner: postgres
--

ALTER TABLE public.sessions ALTER COLUMN id ADD GENERATED BY DEFAULT AS IDENTITY (
    SEQUENCE NAME public.sessions_id_seq
    START WITH 1
    INCREMENT BY 1
    NO MINVALUE
    NO MAXVALUE
    CACHE 1
);


--
-- Name: upsales; Type: TABLE; Schema: public; Owner: postgres
--

CREATE TABLE public.upsales (
    id integer NOT NULL,
    created_at timestamp without time zone,
    customer_id integer,
    advisor_id integer
);


ALTER TABLE public.upsales OWNER TO postgres;

--
-- Name: upsales_id_seq; Type: SEQUENCE; Schema: public; Owner: postgres
--

ALTER TABLE public.upsales ALTER COLUMN id ADD GENERATED BY DEFAULT AS IDENTITY (
    SEQUENCE NAME public.upsales_id_seq
    START WITH 1
    INCREMENT BY 1
    NO MINVALUE
    NO MAXVALUE
    CACHE 1
);


--
-- Name: users; Type: TABLE; Schema: public; Owner: postgres
--

CREATE TABLE public.users (
    id integer NOT NULL,
    password character varying,
    phone character varying,
    email character varying,
    role character varying,
    first_name character varying,
    second_name character varying,
    created_at timestamp without time zone,
    updated_at timestamp without time zone
);


ALTER TABLE public.users OWNER TO postgres;

--
-- Name: users_id_seq; Type: SEQUENCE; Schema: public; Owner: postgres
--

ALTER TABLE public.users ALTER COLUMN id ADD GENERATED BY DEFAULT AS IDENTITY (
    SEQUENCE NAME public.users_id_seq
    START WITH 1
    INCREMENT BY 1
    NO MINVALUE
    NO MAXVALUE
    CACHE 1
);


--
-- Data for Name: advisors; Type: TABLE DATA; Schema: public; Owner: postgres
--

COPY public.advisors (id) FROM stdin;
4
113
114
115
116
117
\.


--
-- Data for Name: attributes; Type: TABLE DATA; Schema: public; Owner: postgres
--

COPY public.attributes (id, key, value, product_id) FROM stdin;
27	Процессор	AMD	13
28	Материнская плата	Asus	13
29	Количество ядер	4	13
32	Частота ОЗУ	3200Mhz	13
34	Тип накопителя	SSD	13
35	Объем накопителя	240Gb	13
36	Блок питания	500W	13
31	Объем ОЗУ	8Gb	13
30	Частота процессора	3.8Ghz	13
37	Тип накопителя	SSD	16
33	Тип ОЗУ	DDR4	13
38	Объем накопителя	500Gb	16
39	Материнская плата	ASRock	16
40	Объем ОЗУ	16Gb	16
41	Частота ОЗУ	3200Mhz	16
42	Тип ОЗУ	DDR4	16
43	Блок питания	600W	16
44	Тип накопителя	SSD	14
45	Объем накопителя	250Gb	14
46	Материнская плата	Asus	14
47	Процессор	AMD	14
48	Количество ядер	6	14
49	Частота процессора	3.7 Ghz	14
50	Объем ОЗУ	16Gb	14
51	Частота ОЗУ	3200Mhz	14
52	Тип ОЗУ	DDR4	14
53	Блок питания	500W	14
54	Материнская плата	Gigabyte	15
55	Процессор	Intel	15
56	Количество ядер	4	15
57	Частота процессора	3.6 Ghz	15
58	Объем ОЗУ	8Gb	15
59	Частота ОЗУ	2666Mhz	15
60	Тип ОЗУ	DDR4	15
61	Тип накопителя	SSD	15
62	Объем накопителя	240Gb	15
63	Блок питания	500W	15
64	Тип накопителя	SSD	17
65	Объем накопителя	500Gb	17
66	Материнская плата	Gigabyte	17
67	Процессор	AMD	17
68	Количество ядер	6	17
69	Частота процессора	3.6Ghz	17
70	Объем ОЗУ	16Gb	17
71	Частота ОЗУ	3200Mhz	17
72	Тип ОЗУ	DDR4	17
73	Блок питания	600W	17
74	Тип накопителя	SSD	18
75	Объем накопителя	500Gb	18
76	Материнская плата	ASRock	18
77	Процессор	AMD	18
78	Количество ядер	6	18
79	Частота процессора	3.6Ghz	18
80	Объем ОЗУ	8Gb	18
81	Частота ОЗУ	3200Mhz	18
82	Тип ОЗУ	DDR4	18
83	Блок питания	600W	18
84	Материнская плата	Asus	19
85	Процессор	AMD	19
86	Количество ядер	6	19
87	Частота процессора	3.6Ghz	19
88	Объем ОЗУ	16Gb	19
89	Частота ОЗУ	3600Mhz	19
90	Тип ОЗУ	DDR4	19
91	Тип накопителя	SSD	19
92	Объем накопителя	120Gb	19
93	Блок питания	600W	19
94	Тип накопителя	SSD	20
95	Объем накопителя	500Gb	20
96	Материнская плата	Asus	20
97	Процессор	Intel	20
98	Количество ядер	6	20
99	Частота процессора	2.9 Ghz	20
100	Объем ОЗУ	16Gb	20
101	Частота ОЗУ	3200Mhz	20
102	Тип ОЗУ	DDR4	20
103	Блок питания	600W	20
104	Тип накопителя	SSD	21
105	Объем накопителя	500Gb	21
106	Материнская плата	Asus	21
107	Процессор	Intel	21
108	Количество ядер	6	21
109	Частота процессора	2.6Ghz	21
110	Объем ОЗУ	8Gb	21
111	Частота ОЗУ	3200Mhz	21
112	Тип ОЗУ	DDR4	21
113	Блок питания	600W	21
114	Тип накопителя	SSD	22
115	Объем накопителя	250Gb	22
116	Материнская плата	Gigabyte	22
117	Процессор	Intel	22
118	Количество ядер	6	22
119	Частота процессора	2.5 Ghz	22
120	Объем ОЗУ	8Gb	22
121	Частота ОЗУ	3200Mhz	22
126	Количество ядер	6	23
134	Тип накопителя	SSD	24
145	Объем накопителя	500Gb	25
147	Процессор	Intel	25
151	Частота ОЗУ	3200Mhz	25
164	Процессор	Intel	27
175	Частота процессора	3.6 Ghz	28
186	Частота ОЗУ	3600Mhz	29
196	Частота ОЗУ	3200Mhz	30
206	Тип накопителя	SSD	31
213	Объем накопителя	500Gb	32
226	Частота ОЗУ	5600Mhz	34
235	Частота процессора	3.7 Ghz	35
246	Блок питания	750W	36
247	Объем ОЗУ	32Gb	37
257	Тип накопителя	SSD	39
268	Материнская плата	AsRock	41
280	Тип накопителя	SSD	38
291	Материнская плата	ASRock	47
305	Процессор	AMD	40
317	Частота ОЗУ	2666Mhz	43
328	Тип ОЗУ	DDR4	45
341	Блок питания	600W	44
342	Тип накопителя	SSD	48
352	Материнская плата	ASRock	50
363	Материнская плата	AM5	51
374	Объем ОЗУ	32Gb	52
386	Количество ядер	12	54
397	Материнская плата	LGA1700	53
414	Тип ОЗУ	DDR4	56
423	Тип ОЗУ	DDR4	59
427	Материнская плата	MSI	58
433	Блок питания	500W	58
436	Материнская плата	MSI	57
448	Блок питания	750W	60
451	Количество ядер	2	61
461	Частота процессора	2.5 Ghz	68
472	Частота процессора	3.6Ghz	67
483	Процессор	AMD	69
487	Материнская плата	Asus	62
500	Частота ОЗУ	2666Mhz	66
504	Материнская плата	LGA1200	65
514	Объем накопителя	500Gb	77
527	Частота ОЗУ	2666Mhz	63
538	Частота процессора	4.7 Ghz	72
542	Материнская плата	Gigabyte	64
552	Количество ядер	14	70
563	Тип ОЗУ	DDR4	74
574	Тип ОЗУ	DDR5	71
584	Объем накопителя	500Gb	76
594	Объем накопителя	250Gb	78
596	Тип накопителя	SSD	75
124	Материнская плата	Asus	23
132	Объем накопителя	240Gb	23
136	Материнская плата	Asus	24
143	Блок питания	650W	24
144	Тип накопителя	SSD	25
146	Материнская плата	ASRock	25
149	Частота процессора	2.9 Ghz	25
150	Объем ОЗУ	16Gb	25
156	Материнская плата	ASRock	26
162	Объем накопителя	500Gb	27
167	Объем ОЗУ	16Gb	27
173	Процессор	AMD	28
178	Тип ОЗУ	DDR4	28
184	Частота процессора	3.7 Ghz	29
189	Тип накопителя	SSD	30
194	Частота процессора	3.7 Ghz	30
199	Материнская плата	Asus	31
204	Частота ОЗУ	3200Mhz	31
214	Материнская плата	AsRock	32
216	Частота ОЗУ	3200Mhz	32
222	Частота ОЗУ	3200Mhz	33
224	Блок питания	750W	33
225	Объем ОЗУ	8Gb	34
233	Процессор	Intel	35
238	Тип ОЗУ	DDR4	35
244	Тип накопителя	SSD	36
250	Тип накопителя	SSD	37
255	Частота процессора	2.5 Ghz	37
260	Процессор	Intel	39
265	Тип ОЗУ	DDR4	39
271	Частота процессора	3.6Ghz	41
277	Объем накопителя	500Gb	42
283	Количество ядер	4	38
288	Блок питания	600W	38
289	Тип накопителя	SSD	47
294	Тип ОЗУ	DDR4	47
296	Объем ОЗУ	32Gb	46
301	Блок питания	P750W	46
303	Объем накопителя	500Gb	40
308	Объем ОЗУ	16Gb	40
315	Частота процессора	3.7Ghz	43
320	Объем накопителя	480Gb	43
326	Объем ОЗУ	16Gb	45
331	Блок питания	600W	45
334	Объем накопителя	500Gb	44
339	Частота ОЗУ	2666Mhz	44
345	Процессор	AMD	48
350	Тип ОЗУ	DDR4	48
355	Частота процессора	3.7 Ghz	50
360	Объем накопителя	500Gb	50
366	Тип ОЗУ	DDR5	51
372	Тип накопителя	SSD	52
380	Тип ОЗУ	DDR4	49
384	Материнская плата	MSI	54
390	Тип ОЗУ	DDR5	54
395	Тип ОЗУ	DDR5	53
401	Блок питания	750W	53
405	Частота процессора	3.6 Ghz	55
408	Материнская плата	Gigabyte	56
412	Объем ОЗУ	8Gb	56
421	Объем ОЗУ	8Gb	59
425	Объем накопителя	250Gb	59
440	Объем ОЗУ	8Gb	57
442	Тип ОЗУ	DDR4	57
443	Материнская плата	ASRock	60
454	Частота ОЗУ	2666Mhz	61
456	Тип накопителя	SSD	61
464	Тип ОЗУ	DDR4	68
466	Объем накопителя	250Gb	68
475	Тип ОЗУ	DDR4	67
478	Частота ОЗУ	3200Mhz	69
486	Блок питания	750W	69
490	Частота процессора	3.6 Ghz	62
492	Частота ОЗУ	2666Mhz	62
503	Объем накопителя	240Gb	66
507	Частота процессора	2.9 Ghz	65
509	Частота ОЗУ	2666Mhz	65
517	Количество ядер	6	77
519	Объем ОЗУ	8Gb	77
530	Объем накопителя	240Gb	63
531	Тип накопителя	SSD	73
533	Объем ОЗУ	32Gb	72
541	Блок питания	850W	72
545	Частота процессора	3.6 Ghz	64
547	Частота ОЗУ	2666Mhz	64
554	Объем ОЗУ	32Gb	70
557	Тип накопителя	SSD	70
565	Объем накопителя	500Gb	74
568	Количество ядер	6	71
576	Материнская плата	AsRock	76
578	Количество ядер	8	76
586	Материнская плата	ASRock	78
588	Количество ядер	8	78
597	Объем накопителя	500Gb	75
599	Объем ОЗУ	16Gb	75
125	Процессор	Intel	23
133	Блок питания	600W	23
135	Объем накопителя	250Gb	24
137	Процессор	AMD	24
148	Количество ядер	6	25
154	Тип накопителя	SSD	26
157	Объем ОЗУ	16Gb	26
165	Количество ядер	6	27
168	Частота ОЗУ	3200Mhz	27
176	Объем ОЗУ	16Gb	28
179	Блок питания	600W	28
180	Тип накопителя	SSD	29
187	Тип ОЗУ	DDR4	29
190	Объем накопителя	500Gb	30
197	Тип ОЗУ	DDR4	30
200	Процессор	Intel	31
207	Объем накопителя	500Gb	31
211	Частота процессора	3.5 Ghz	32
217	Тип ОЗУ	DDR4	32
220	Материнская плата	Asus	33
223	Тип ОЗУ	DDR4	33
231	Тип накопителя	SSD	35
236	Объем ОЗУ	8Gb	35
242	Частота процессора	4.7 Ghz	36
248	Частота ОЗУ	5200Mhz	37
253	Процессор	Intel	37
258	Объем накопителя	250Gb	39
263	Объем ОЗУ	16Gb	39
269	Процессор	Intel	41
274	Тип ОЗУ	DDR4	41
281	Объем накопителя	500Gb	38
286	Частота ОЗУ	2666Mhz	38
292	Объем ОЗУ	32Gb	47
299	Тип накопителя	SSD	46
306	Количество ядер	6	40
311	Блок питания	600W	40
313	Процессор	Intel	43
318	Тип ОЗУ	DDR4	43
324	Количество ядер	6	45
329	Тип накопителя	SSD	45
332	Материнская плата	Gigabyte	44
337	Частота процессора	2.9 Ghz	44
343	Объем накопителя	500Gb	48
348	Объем ОЗУ	16Gb	48
353	Процессор	AMD	50
358	Тип ОЗУ	DDR4	50
364	Объем ОЗУ	32Gb	51
370	Количество ядер	6	52
375	Частота ОЗУ	5200Mhz	52
377	Материнская плата	ASRock	49
378	Объем ОЗУ	16Gb	49
387	Частота процессора	3.6 Ghz	54
388	Объем ОЗУ	32Gb	54
398	Процессор	LGA1700	53
399	Количество ядер	16	53
402	Материнская плата	Gigabyte	55
403	Процессор	Intel	55
415	Тип накопителя	SSD	56
416	Объем накопителя	500Gb	56
417	Материнская плата	ASRock	59
419	Количество ядер	8	59
430	Частота процессора	2.9 Ghz	58
432	Объем накопителя	500Gb	58
435	Объем накопителя	500Gb	57
441	Частота ОЗУ	2666Mhz	57
446	Тип ОЗУ	DDR4	60
449	Материнская плата	Gigabyte	61
455	Тип ОЗУ	DDR4	61
459	Процессор	Intel	68
465	Тип накопителя	SSD	68
470	Процессор	AMD	67
476	Блок питания	600W	67
477	Объем ОЗУ	32Gb	69
481	Объем накопителя	500Gb	69
491	Объем ОЗУ	8Gb	62
495	Объем накопителя	240Gb	62
498	Частота процессора	3.7Ghz	66
508	Объем ОЗУ	8Gb	65
512	Объем накопителя	240Gb	65
518	Частота процессора	4.1 Ghz	77
522	Блок питания	750W	77
525	Частота процессора	3.2 Ghz	63
532	Блок питания	1000W	73
536	Процессор	AMD	72
546	Объем ОЗУ	8Gb	64
550	Объем накопителя	240Gb	64
555	Частота ОЗУ	3600Mhz	70
561	Объем ОЗУ	32Gb	74
566	Блок питания	750W	74
567	Процессор	AMD	71
572	Объем ОЗУ	32Gb	71
577	Процессор	Intel	76
582	Тип ОЗУ	DDR4	76
587	Процессор	Intel	78
592	Тип ОЗУ	DDR4	78
598	Материнская плата	ASRock	75
123	Блок питания	600W	22
129	Частота ОЗУ	2666Mhz	23
138	Количество ядер	6	24
152	Тип ОЗУ	DDR4	25
160	Блок питания	600W	26
161	Тип накопителя	SSD	27
172	Материнская плата	Gigabyte	28
183	Количество ядер	6	29
193	Количество ядер	6	30
203	Объем ОЗУ	16Gb	31
210	Количество ядер	6	32
228	Тип накопителя	SSD	34
239	Блок питания	600W	35
240	Процессор	AMD	36
251	Объем накопителя	500Gb	37
261	Количество ядер	8	39
272	Объем ОЗУ	32Gb	41
284	Частота процессора	3.6 Ghz	38
295	Блок питания	P750W	47
297	Частота ОЗУ	3200Mhz	46
309	Частота ОЗУ	3200Mhz	40
321	Блок питания	500W	43
322	Материнская плата	Gigabyte	45
335	Процессор	Intel	44
346	Количество ядер	6	48
356	Объем ОЗУ	8Gb	50
367	Блок питания	P750W	51
368	Блок питания	1000W	52
381	Тип накопителя	SSD	49
391	Тип накопителя	SSD	54
406	Тип накопителя	SSD	55
409	Процессор	Intel	56
424	Тип накопителя	SSD	59
428	Процессор	Intel	58
437	Процессор	Intel	57
447	Тип накопителя	SSD	60
450	Процессор	INTEL	61
460	Количество ядер	6	68
471	Количество ядер	6	67
482	Материнская плата	Gigabyte	69
499	Объем ОЗУ	16Gb	66
513	Тип накопителя	SSD	77
526	Объем ОЗУ	8Gb	63
537	Количество ядер	12	72
551	Процессор	LGA1700	70
562	Частота ОЗУ	3200Mhz	74
573	Частота ОЗУ	6000Mhz	71
583	Тип накопителя	SSD	76
593	Тип накопителя	SSD	78
127	Частота процессора	2.9 Ghz	23
139	Частота процессора	3.6Ghz	24
153	Блок питания	600W	25
163	Материнская плата	LGA1700	27
174	Количество ядер	6	28
185	Объем ОЗУ	16Gb	29
195	Объем ОЗУ	16Gb	30
205	Тип ОЗУ	DDR4	31
215	Объем ОЗУ	16Gb	32
221	Объем ОЗУ	16Gb	33
232	Объем накопителя	250Gb	35
243	Материнская плата	AM5	36
254	Количество ядер	6	37
264	Частота ОЗУ	3200Mhz	39
275	Блок питания	750W	41
276	Тип накопителя	SSD	42
287	Тип ОЗУ	DDR4	38
300	Материнская плата	LGA1700	46
302	Тип накопителя	SSD	40
314	Количество ядер	4	43
325	Частота процессора	3.6 Ghz	45
338	Объем ОЗУ	8Gb	44
349	Частота ОЗУ	3733Mhz	48
359	Тип накопителя	SSD	50
371	Частота процессора	4.7 Ghz	52
383	Блок питания	600W	49
394	Частота ОЗУ	5600Mhz	53
411	Частота процессора	3.6 Ghz	56
426	Блок питания	750W	59
429	Количество ядер	6	58
438	Количество ядер	6	57
452	Частота процессора	3.5 Ghz	61
462	Объем ОЗУ	8Gb	68
473	Объем ОЗУ	16Gb	67
484	Количество ядер	6	69
488	Процессор	AMD	62
501	Тип ОЗУ	DDR4	66
505	Процессор	Intel	65
515	Материнская плата	Asus	77
528	Тип ОЗУ	DDR4	63
539	Материнская плата	AM5	72
543	Процессор	Intel	64
553	Частота процессора	3.5 Ghz	70
564	Тип накопителя	SSD	74
575	Блок питания	850W	71
585	Блок питания	600W	76
595	Блок питания	650W	78
122	Тип ОЗУ	DDR4	22
130	Тип ОЗУ	DDR4	23
140	Объем ОЗУ	16Gb	24
155	Объем накопителя	250Gb	26
166	Частота процессора	2.5 Ghz	27
177	Частота ОЗУ	3600Mhz	28
188	Блок питания	750W	29
198	Блок питания	750W	30
208	Блок питания	600W	31
212	Тип накопителя	SSD	32
227	Тип ОЗУ	DDR5	34
234	Количество ядер	10	35
245	Объем накопителя	500Gb	36
256	Блок питания	750W	37
266	Блок питания	750W	39
267	Тип накопителя	SSD	41
278	Блок питания	750W	42
279	Материнская плата	Gigabyte	38
290	Объем накопителя	500Gb	47
304	Материнская плата	MSI	40
316	Объем ОЗУ	8Gb	43
327	Частота ОЗУ	3600Mhz	45
340	Тип ОЗУ	DDR4	44
351	Блок питания	P750W	48
361	Блок питания	750W	50
362	Тип накопителя	SSD	51
373	Материнская плата	AM5	52
385	Процессор	Intel	54
396	Тип накопителя	SSD	53
413	Частота ОЗУ	2666Mhz	56
422	Частота ОЗУ	2666Mhz	59
444	Объем ОЗУ	16Gb	60
457	Объем накопителя	120Gb	61
467	Блок питания	750W	68
468	Тип накопителя	SSD	67
479	Тип ОЗУ	DDR4	69
493	Тип ОЗУ	DDR4	62
496	Процессор	Intel	66
510	Тип ОЗУ	DDR4	65
520	Частота ОЗУ	3200Mhz	77
523	Процессор	AMD	63
534	Частота ОЗУ	5200Mhz	72
548	Тип ОЗУ	DDR4	64
558	Объем накопителя	500Gb,	70
569	Частота процессора	4.7 Ghz	71
579	Частота процессора	2.5Ghz	76
589	Частота процессора	2.5Ghz	78
600	Частота ОЗУ	3200Mhz	75
128	Объем ОЗУ	8Gb	23
141	Частота ОЗУ	3200Mhz	24
159	Тип ОЗУ	DDR4	26
170	Блок питания	600W	27
171	Тип накопителя	SSD	28
182	Процессор	AMD	29
192	Процессор	AMD	30
202	Частота процессора	2.6Ghz	31
209	Процессор	AMD	32
219	Тип накопителя	SSD	33
230	Блок питания	750W	34
241	Количество ядер	6	36
252	Материнская плата	ASRock	37
262	Частота процессора	3.8 Ghz	39
273	Частота ОЗУ	3200Mhz	41
285	Объем ОЗУ	8Gb	38
298	Тип ОЗУ	DDR4	46
310	Тип ОЗУ	DDR4	40
312	Материнская плата	Gigabyte	43
323	Процессор	AMD	45
336	Количество ядер	6	44
347	Частота процессора	3.7 Ghz	48
357	Частота ОЗУ	3200Mhz	50
369	Процессор	AMD	52
382	Объем накопителя	512Gb	49
392	Блок питания	850W	54
393	Объем ОЗУ	32Gb	53
407	Объем накопителя	250Gb	55
410	Количество ядер	4	56
420	Частота процессора	2.5Ghz	59
439	Частота процессора	2.9 Ghz	57
453	Объем ОЗУ	4Gb	61
463	Частота ОЗУ	3200Mhz	68
474	Частота ОЗУ	3200Mhz	67
485	Частота процессора	3.7 Ghz	69
489	Количество ядер	4	62
502	Тип накопителя	SSD	66
506	Количество ядер	6	65
516	Процессор	Intel	77
529	Тип накопителя	SSD	63
540	Тип накопителя	SSD	72
544	Количество ядер	4	64
556	Тип ОЗУ	DDR4	70
560	Материнская плата	MSI	74
571	Материнская плата	AM5	71
581	Частота ОЗУ	3200Mhz	76
591	Частота ОЗУ	2666Mhz	78
602	Блок питания	600W	75
131	Тип накопителя	SSD	23
142	Тип ОЗУ	DDR4	24
158	Частота ОЗУ	3200Mhz	26
169	Тип ОЗУ	DDR4	27
181	Материнская плата	Gigabyte	29
191	Материнская плата	ASRock	30
201	Количество ядер	6	31
218	Блок питания	600W	32
229	Объем накопителя	500Gb	34
237	Частота ОЗУ	3200Mhz	35
249	Тип ОЗУ	DDR5	37
259	Материнская плата	Asus	39
270	Количество ядер	8	41
282	Процессор	Intel	38
293	Частота ОЗУ	2666Mhz	47
307	Частота процессора	3.9 Ghz	40
319	Тип накопителя	SSD	43
330	Объем накопителя	240Gb	45
333	Тип накопителя	SSD	44
344	Материнская плата	Gigabyte	48
354	Количество ядер	6	50
365	Частота ОЗУ	5200Mhz	51
376	Тип ОЗУ	DDR5	52
379	Частота ОЗУ	3200Mhz	49
389	Частота ОЗУ	6000Mhz	54
400	Частота процессора	3.4 Ghz	53
404	Количество ядер	4	55
418	Процессор	Intel	59
431	Тип накопителя	SSD	58
434	Тип накопителя	SSD	57
445	Частота ОЗУ	3200Mhz	60
458	Материнская плата	LGA1700	68
469	Материнская плата	Gigabyte	67
480	Тип накопителя	SSD	69
494	Тип накопителя	SSD	62
497	Количество ядер	4	66
511	Тип накопителя	SSD	65
521	Тип ОЗУ	DDR4	77
524	Количество ядер	4	63
535	Тип ОЗУ	DDR5	72
549	Тип накопителя	SSD	64
559	Блок питания	850W	70
570	Тип накопителя	SSD	71
580	Объем ОЗУ	64Gb	76
590	Объем ОЗУ	8Gb	78
601	Тип ОЗУ	DDR4	75
\.


--
-- Data for Name: categories; Type: TABLE DATA; Schema: public; Owner: postgres
--

COPY public.categories (id, caption, description, created_at, updated_at, parent_category_id) FROM stdin;
316	ROOT	Root Catalog	\N	\N	\N
1	Computers	FullComputersSet	\N	\N	\N
318	ooooo	ooooo	\N	\N	\N
138	Электроника	Различные электронные устройства	2024-03-14 00:31:07.429667	2024-03-14 00:31:07.429667	\N
139	Компьютеры	Различные компьютерные устройства	2024-03-14 00:31:07.429667	2024-03-14 00:31:07.429667	138
140	Собранные компьютеры	Компьютеры, собранные специалистами	2024-03-14 00:31:07.429667	2024-03-14 00:31:07.429667	139
141	Комплектующие	Различные компьютерные комплектующие	2024-03-14 00:31:07.429667	2024-03-14 00:31:07.429667	139
142	Видеокарты	Графические ускорители для компьютеров	2024-03-14 00:31:07.429667	2024-03-14 00:31:07.429667	141
143	Процессоры	Центральные процессоры для компьютеров	2024-03-14 00:31:07.429667	2024-03-14 00:31:07.429667	141
144	Материнские платы	Основная плата компьютера	2024-03-14 00:31:07.429667	2024-03-14 00:31:07.429667	141
145	Жесткие диски	Накопители для хранения данных	2024-03-14 00:31:07.429667	2024-03-14 00:31:07.429667	141
146	Оперативная память	Быстрая память для компьютера	2024-03-14 00:31:07.429667	2024-03-14 00:31:07.429667	141
147	Периферия	Внешние устройства для компьютера	2024-03-14 00:31:07.429667	2024-03-14 00:31:07.429667	139
148	Клавиатуры	Устройства ввода для компьютера	2024-03-14 00:31:07.429667	2024-03-14 00:31:07.429667	147
149	Мыши	Устройства указания для компьютера	2024-03-14 00:31:07.429667	2024-03-14 00:31:07.429667	147
150	Принтеры	Устройства для печати документов	2024-03-14 00:31:07.429667	2024-03-14 00:31:07.429667	147
151	Мониторы	Визуальные устройства для компьютера	2024-03-14 00:31:07.429667	2024-03-14 00:31:07.429667	147
152	Сканеры	Устройства для сканирования документов	2024-03-14 00:31:07.429667	2024-03-14 00:31:07.429667	147
153	USB-хабы	Устройства для расширения USB-портов	2024-03-14 00:31:07.429667	2024-03-14 00:31:07.429667	147
154	Веб-камеры	Устройства для видеосвязи	2024-03-14 00:31:07.429667	2024-03-14 00:31:07.429667	147
155	Мобильные устройства	Различные мобильные устройства	2024-03-14 00:31:07.429667	2024-03-14 00:31:07.429667	138
156	Смартфоны	Мобильные устройства с функциями смартфона	2024-03-14 00:31:07.429667	2024-03-14 00:31:07.429667	155
157	Планшеты	Портативные компьютеры с сенсорным экраном	2024-03-14 00:31:07.429667	2024-03-14 00:31:07.429667	155
158	Наушники	Устройства для прослушивания аудио	2024-03-14 00:31:07.429667	2024-03-14 00:31:07.429667	155
159	Зарядные устройства	Устройства для зарядки мобильных устройств	2024-03-14 00:31:07.429667	2024-03-14 00:31:07.429667	155
160	Умные часы	Носимые устройства с функциями смарт-часов	2024-03-14 00:31:07.429667	2024-03-14 00:31:07.429667	155
161	Портативные зарядные устройства	Устройства для портативной зарядки	2024-03-14 00:31:07.429667	2024-03-14 00:31:07.429667	155
162	Беспроводные наушники	Наушники с беспроводным подключением	2024-03-14 00:31:07.429667	2024-03-14 00:31:07.429667	155
163	Бытовая техника	Различные бытовые устройства	2024-03-14 00:31:07.429667	2024-03-14 00:31:07.429667	\N
164	Кухонные приборы	Различные приборы для приготовления пищи	2024-03-14 00:31:07.429667	2024-03-14 00:31:07.429667	163
165	Микроволновые печи	Печи для разогрева и приготовления пищи	2024-03-14 00:31:07.429667	2024-03-14 00:31:07.429667	164
166	Плиты	Приборы для приготовления пищи на газу или электричестве	2024-03-14 00:31:07.429667	2024-03-14 00:31:07.429667	164
167	Миксеры	Приборы для смешивания ингредиентов	2024-03-14 00:31:07.429667	2024-03-14 00:31:07.429667	164
168	Блендеры	Приборы для измельчения и смешивания пищи	2024-03-14 00:31:07.429667	2024-03-14 00:31:07.429667	164
169	Мясорубки	Приборы для измельчения мяса	2024-03-14 00:31:07.429667	2024-03-14 00:31:07.429667	164
170	Тостеры	Приборы для приготовления тостов	2024-03-14 00:31:07.429667	2024-03-14 00:31:07.429667	164
171	Холодильники	Холодильные устройства для хранения продуктов	2024-03-14 00:31:07.429667	2024-03-14 00:31:07.429667	163
172	Двухкамерные	Холодильники с двумя отдельными отсеками	2024-03-14 00:31:07.429667	2024-03-14 00:31:07.429667	171
173	Однокамерные	Холодильники с одним отсеком	2024-03-14 00:31:07.429667	2024-03-14 00:31:07.429667	171
174	Side-by-Side	Холодильники с распашными дверями	2024-03-14 00:31:07.429667	2024-03-14 00:31:07.429667	171
175	Мини-холодильники	Компактные холодильники для небольших помещений	2024-03-14 00:31:07.429667	2024-03-14 00:31:07.429667	171
176	Винные холодильники	Холодильные устройства для хранения вина	2024-03-14 00:31:07.429667	2024-03-14 00:31:07.429667	171
177	Напольные холодильники	Холодильные устройства для установки на пол	2024-03-14 00:31:07.429667	2024-03-14 00:31:07.429667	171
178	Мебель	Различные предметы мебели	2024-03-14 00:31:07.429667	2024-03-14 00:31:07.429667	\N
179	Кресла	Мягкая мебель для сидения	2024-03-14 00:31:07.429667	2024-03-14 00:31:07.429667	178
180	Кресла-качалки	Кресла с функцией качания	2024-03-14 00:31:07.429667	2024-03-14 00:31:07.429667	179
181	Офисные кресла	Кресла для офисного использования	2024-03-14 00:31:07.429667	2024-03-14 00:31:07.429667	179
182	Массажные кресла	Кресла с функцией массажа	2024-03-14 00:31:07.429667	2024-03-14 00:31:07.429667	179
183	Детские кресла	Кресла для детей	2024-03-14 00:31:07.429667	2024-03-14 00:31:07.429667	179
184	Столы	Плоская поверхность для работы или еды	2024-03-14 00:31:07.429667	2024-03-14 00:31:07.429667	178
185	Письменные столы	Столы для работы и учебы	2024-03-14 00:31:07.429667	2024-03-14 00:31:07.429667	184
186	Кухонные столы	Столы для приема пищи в кухне	2024-03-14 00:31:07.429667	2024-03-14 00:31:07.429667	184
187	Журнальные столики	Столики для размещения журналов и книг	2024-03-14 00:31:07.429667	2024-03-14 00:31:07.429667	184
188	Компьютерные столы	Столы для компьютерной работы	2024-03-14 00:31:07.429667	2024-03-14 00:31:07.429667	184
189	Шкафы	Мебельные шкафы для хранения	2024-03-14 00:31:07.429667	2024-03-14 00:31:07.429667	178
190	Гардеробные шкафы	Шкафы для хранения одежды	2024-03-14 00:31:07.429667	2024-03-14 00:31:07.429667	189
191	Книжные шкафы	Шкафы для хранения книг и других предметов	2024-03-14 00:31:07.429667	2024-03-14 00:31:07.429667	189
192	Тумбы для обуви	Мебельные тумбы для хранения обуви	2024-03-14 00:31:07.429667	2024-03-14 00:31:07.429667	189
193	Витрины	Стеклянные витрины для предметов коллекционирования	2024-03-14 00:31:07.429667	2024-03-14 00:31:07.429667	189
194	Одежда	Различная одежда для мужчин, женщин и детей	2024-03-14 00:31:07.429667	2024-03-14 00:31:07.429667	\N
195	Верхняя одежда	Одежда для ношения сверху	2024-03-14 00:31:07.429667	2024-03-14 00:31:07.429667	194
196	Куртки	Верхняя одежда с рукавами	2024-03-14 00:31:07.429667	2024-03-14 00:31:07.429667	195
197	Пальто	Длинная верхняя одежда	2024-03-14 00:31:07.429667	2024-03-14 00:31:07.429667	195
198	Пуховики	Одежда с утеплителем из пуха	2024-03-14 00:31:07.429667	2024-03-14 00:31:07.429667	195
199	Ветровки	Одежда для защиты от ветра	2024-03-14 00:31:07.429667	2024-03-14 00:31:07.429667	195
200	Плащи	Водонепроницаемая верхняя одежда	2024-03-14 00:31:07.429667	2024-03-14 00:31:07.429667	195
201	Пуловеры	Теплая верхняя одежда без застежек	2024-03-14 00:31:07.429667	2024-03-14 00:31:07.429667	195
202	Обувь	Различная обувь для мужчин, женщин и детей	2024-03-14 00:31:07.429667	2024-03-14 00:31:07.429667	\N
203	Кроссовки	Спортивная обувь для активного образа жизни	2024-03-14 00:31:07.429667	2024-03-14 00:31:07.429667	202
204	Сапоги	Высокие обувь для защиты ног от холода и влаги	2024-03-14 00:31:07.429667	2024-03-14 00:31:07.429667	202
205	Туфли	Обувь на невысоком каблуке	2024-03-14 00:31:07.429667	2024-03-14 00:31:07.429667	202
206	Ботинки	Полусапоги или низкие сапоги	2024-03-14 00:31:07.429667	2024-03-14 00:31:07.429667	202
207	Сандалии	Открытая обувь на летний период	2024-03-14 00:31:07.429667	2024-03-14 00:31:07.429667	202
208	Эспадрильи	Обувь на верёвочной подошве	2024-03-14 00:31:07.429667	2024-03-14 00:31:07.429667	202
209	Шапки и головные уборы	Различные шапки и головные уборы	2024-03-14 00:31:07.429667	2024-03-14 00:31:07.429667	\N
210	Шапки	Головные уборы с закрытой верхней частью	2024-03-14 00:31:07.429667	2024-03-14 00:31:07.429667	209
211	Бейсболки	Головные уборы с козырьком	2024-03-14 00:31:07.429667	2024-03-14 00:31:07.429667	209
212	Кепки	Головные уборы с козырьком и короной	2024-03-14 00:31:07.429667	2024-03-14 00:31:07.429667	209
213	Панамы	Головные уборы с широкими полями	2024-03-14 00:31:07.429667	2024-03-14 00:31:07.429667	209
214	Спорт и отдых	Различные товары для спорта и активного отдыха	2024-03-14 00:31:07.429667	2024-03-14 00:31:07.429667	\N
215	Фитнес и тренировки	Товары для занятий спортом и фитнесом	2024-03-14 00:31:07.429667	2024-03-14 00:31:07.429667	214
216	Тренажеры	Спортивные тренажеры для фитнеса и тренировок	2024-03-14 00:31:07.429667	2024-03-14 00:31:07.429667	215
217	Штанги и гантели	Спортивное снаряжение для силовых тренировок	2024-03-14 00:31:07.429667	2024-03-14 00:31:07.429667	215
218	Эспандеры	Гибкие резиновые ручки для тренировок	2024-03-14 00:31:07.429667	2024-03-14 00:31:07.429667	215
219	Гимнастические мячи	Мячи для гимнастики и фитнеса	2024-03-14 00:31:07.429667	2024-03-14 00:31:07.429667	215
220	Активный отдых	Товары для активного отдыха на природе	2024-03-14 00:31:07.429667	2024-03-14 00:31:07.429667	214
221	Велосипеды	Транспортное средство с двумя колесами	2024-03-14 00:31:07.429667	2024-03-14 00:31:07.429667	220
222	Роликовые коньки	Транспортные средства на колёсах для катания	2024-03-14 00:31:07.429667	2024-03-14 00:31:07.429667	220
223	Скейтборды	Доски с колесами для катания	2024-03-14 00:31:07.429667	2024-03-14 00:31:07.429667	220
224	Самокаты	Транспортные средства на двух колёсах для передвижения	2024-03-14 00:31:07.429667	2024-03-14 00:31:07.429667	220
225	Водные лыжи	Спортивное снаряжение для катания на воде	2024-03-14 00:31:07.429667	2024-03-14 00:31:07.429667	220
226	Сноуборды	Спортивное снаряжение для катания на снегу	2024-03-14 00:31:07.429667	2024-03-14 00:31:07.429667	220
227	Туризм и кемпинг	Товары для активного отдыха на природе и кемпинга	2024-03-14 00:31:07.429667	2024-03-14 00:31:07.429667	\N
228	Палатки	Мобильные жилища для отдыха на природе	2024-03-14 00:31:07.429667	2024-03-14 00:31:07.429667	227
229	Спальные мешки	Портативные мешки для сна	2024-03-14 00:31:07.429667	2024-03-14 00:31:07.429667	227
230	Туристические рюкзаки	Рюкзаки для переноски вещей во время походов	2024-03-14 00:31:07.429667	2024-03-14 00:31:07.429667	227
231	Кемпинговая посуда	Посуда для приготовления еды на природе	2024-03-14 00:31:07.429667	2024-03-14 00:31:07.429667	227
232	Детские товары	Товары для детей разного возраста	2024-03-14 00:31:07.429667	2024-03-14 00:31:07.429667	\N
233	Детская одежда	Одежда для детей разного возраста	2024-03-14 00:31:07.429667	2024-03-14 00:31:07.429667	232
234	Комплекты	Наборы одежды для детей	2024-03-14 00:31:07.429667	2024-03-14 00:31:07.429667	233
235	Платья и юбки	Одежда для девочек	2024-03-14 00:31:07.429667	2024-03-14 00:31:07.429667	233
236	Брюки и шорты	Одежда для мальчиков	2024-03-14 00:31:07.429667	2024-03-14 00:31:07.429667	233
237	Футболки и рубашки	Одежда для детей разного пола	2024-03-14 00:31:07.429667	2024-03-14 00:31:07.429667	233
238	Детская обувь	Обувь для детей разного возраста	2024-03-14 00:31:07.429667	2024-03-14 00:31:07.429667	232
239	Кроссовки	Спортивная обувь для детей	2024-03-14 00:31:07.429667	2024-03-14 00:31:07.429667	238
240	Сандалии	Легкая летняя обувь для детей	2024-03-14 00:31:07.429667	2024-03-14 00:31:07.429667	238
241	Туфли	Обувь для детей на невысоком каблуке	2024-03-14 00:31:07.429667	2024-03-14 00:31:07.429667	238
242	Сапоги	Обувь для детей для защиты ног от влаги и холода	2024-03-14 00:31:07.429667	2024-03-14 00:31:07.429667	238
243	Игрушки	Различные игрушки для детей разного возраста	2024-03-14 00:31:07.429667	2024-03-14 00:31:07.429667	232
244	Конструкторы	Наборы для сборки различных моделей	2024-03-14 00:31:07.429667	2024-03-14 00:31:07.429667	243
245	Куклы и аксессуары	Различные куклы и игровые комплекты	2024-03-14 00:31:07.429667	2024-03-14 00:31:07.429667	243
319	ooooo	ooooo	\N	\N	\N
246	Транспортные средства	Игрушечные модели транспортных средств	2024-03-14 00:31:07.429667	2024-03-14 00:31:07.429667	243
247	Игровые наборы	Наборы для ролевых игр	2024-03-14 00:31:07.429667	2024-03-14 00:31:07.429667	243
248	Развивающие игрушки	Игрушки, способствующие развитию ребенка	2024-03-14 00:31:07.429667	2024-03-14 00:31:07.429667	243
249	Красота и здоровье	Товары для ухода за собой и оздоровления	2024-03-14 00:31:07.429667	2024-03-14 00:31:07.429667	\N
250	Косметика	Различная косметика для макияжа и ухода за кожей	2024-03-14 00:31:07.429667	2024-03-14 00:31:07.429667	249
251	Декоративная косметика	Косметические средства для макияжа	2024-03-14 00:31:07.429667	2024-03-14 00:31:07.429667	250
252	Уходовая косметика	Косметика для ухода за кожей	2024-03-14 00:31:07.429667	2024-03-14 00:31:07.429667	250
253	Парфюмерия	Ароматы и духи	2024-03-14 00:31:07.429667	2024-03-14 00:31:07.429667	250
254	Уход за волосами	Средства для ухода за волосами	2024-03-14 00:31:07.429667	2024-03-14 00:31:07.429667	249
255	Шампуни и кондиционеры	Средства для очищения и увлажнения волос	2024-03-14 00:31:07.429667	2024-03-14 00:31:07.429667	254
256	Маски и сыворотки	Специальные средства для ухода за волосами	2024-03-14 00:31:07.429667	2024-03-14 00:31:07.429667	254
257	Средства для укладки	Гели, лаки и пены для укладки волос	2024-03-14 00:31:07.429667	2024-03-14 00:31:07.429667	254
258	Окрашивание волос	Краски и красители для волос	2024-03-14 00:31:07.429667	2024-03-14 00:31:07.429667	254
259	Уход за кожей	Средства для ухода за кожей лица и тела	2024-03-14 00:31:07.429667	2024-03-14 00:31:07.429667	249
260	Очищение кожи	Средства для очищения кожи	2024-03-14 00:31:07.429667	2024-03-14 00:31:07.429667	259
261	Увлажнение и питание	Средства для увлажнения и питания кожи	2024-03-14 00:31:07.429667	2024-03-14 00:31:07.429667	259
262	Защита от солнца	Солнцезащитные средства для кожи	2024-03-14 00:31:07.429667	2024-03-14 00:31:07.429667	259
263	Средства против старения	Косметика для борьбы со старением	2024-03-14 00:31:07.429667	2024-03-14 00:31:07.429667	259
264	Дом и сад	Товары для обустройства дома и приусадебного участка	2024-03-14 00:31:07.429667	2024-03-14 00:31:07.429667	\N
265	Мебель для сада	Различная мебель для улицы и сада	2024-03-14 00:31:07.429667	2024-03-14 00:31:07.429667	264
266	Стулья и скамейки	Мебель для отдыха на улице	2024-03-14 00:31:07.429667	2024-03-14 00:31:07.429667	265
267	Столы и тумбы	Мебель для столовой на приусадебном участке	2024-03-14 00:31:07.429667	2024-03-14 00:31:07.429667	265
268	Лежаки и гамаки	Мебель для отдыха и сна на улице	2024-03-14 00:31:07.429667	2024-03-14 00:31:07.429667	265
269	Перголы и беседки	Стационарные конструкции для отдыха на улице	2024-03-14 00:31:07.429667	2024-03-14 00:31:07.429667	265
270	Инструменты	Ручные и электрические инструменты для ремонта и строительства	2024-03-14 00:31:07.429667	2024-03-14 00:31:07.429667	264
271	Ручные инструменты	Инструменты, работающие от человеческой силы	2024-03-14 00:31:07.429667	2024-03-14 00:31:07.429667	270
272	Садовые инструменты	Инструменты для работы в саду и огороде	2024-03-14 00:31:07.429667	2024-03-14 00:31:07.429667	270
273	Электроинструменты	Инструменты, работающие от электропитания	2024-03-14 00:31:07.429667	2024-03-14 00:31:07.429667	270
274	Паяльные станции	Инструменты для пайки электронных компонентов	2024-03-14 00:31:07.429667	2024-03-14 00:31:07.429667	270
275	Декор и освещение	Товары для декорирования интерьера и внешнего вида дома	2024-03-14 00:31:07.429667	2024-03-14 00:31:07.429667	264
276	Лампы и подсветка	Светильники и лампы для освещения помещений	2024-03-14 00:31:07.429667	2024-03-14 00:31:07.429667	275
277	Картины и постеры	Декоративные изображения на стенах	2024-03-14 00:31:07.429667	2024-03-14 00:31:07.429667	275
278	Вазы и скульптуры	Декоративные элементы для интерьера	2024-03-14 00:31:07.429667	2024-03-14 00:31:07.429667	275
279	Текстильные изделия	Текстильные материалы для декорирования интерьера	2024-03-14 00:31:07.429667	2024-03-14 00:31:07.429667	275
280	Еда и напитки	Продукты питания и напитки	2024-03-14 00:31:07.429667	2024-03-14 00:31:07.429667	\N
281	Продукты питания	Различные продукты для приготовления еды	2024-03-14 00:31:07.429667	2024-03-14 00:31:07.429667	280
282	Фрукты и овощи	Свежие фрукты и овощи	2024-03-14 00:31:07.429667	2024-03-14 00:31:07.429667	281
283	Мясо и птица	Свежее мясо и птица	2024-03-14 00:31:07.429667	2024-03-14 00:31:07.429667	281
284	Рыба и морепродукты	Свежая рыба и морепродукты	2024-03-14 00:31:07.429667	2024-03-14 00:31:07.429667	281
285	Молочные продукты	Молоко, йогурты, сыры и другие молочные продукты	2024-03-14 00:31:07.429667	2024-03-14 00:31:07.429667	281
286	Хлебобулочные изделия	Хлеб, булочки, печенье и другие хлебобулочные изделия	2024-03-14 00:31:07.429667	2024-03-14 00:31:07.429667	281
287	Напитки	Различные напитки	2024-03-14 00:31:07.429667	2024-03-14 00:31:07.429667	280
288	Вода	Бутилированная вода	2024-03-14 00:31:07.429667	2024-03-14 00:31:07.429667	287
289	Соки	Фруктовые и овощные соки	2024-03-14 00:31:07.429667	2024-03-14 00:31:07.429667	287
290	Газированные напитки	Газированные напитки	2024-03-14 00:31:07.429667	2024-03-14 00:31:07.429667	287
291	Чай и кофе	Чай и кофе различных сортов	2024-03-14 00:31:07.429667	2024-03-14 00:31:07.429667	287
292	Алкогольные напитки	Различные алкогольные напитки	2024-03-14 00:31:07.429667	2024-03-14 00:31:07.429667	287
293	Техника для дома	Различная техника для дома	2024-03-14 00:31:07.429667	2024-03-14 00:31:07.429667	\N
294	Умный дом	Технологии для автоматизации дома	2024-03-14 00:31:07.429667	2024-03-14 00:31:07.429667	293
295	Умные лампы	Лампы с функцией управления через смартфон	2024-03-14 00:31:07.429667	2024-03-14 00:31:07.429667	294
296	Умные розетки	Розетки с возможностью дистанционного управления	2024-03-14 00:31:07.429667	2024-03-14 00:31:07.429667	294
297	Умные датчики	Датчики для сбора информации о состоянии помещения	2024-03-14 00:31:07.429667	2024-03-14 00:31:07.429667	294
298	Умные замки	Замки с функцией управления через смартфон	2024-03-14 00:31:07.429667	2024-03-14 00:31:07.429667	294
299	Климатическая техника	Техника для поддержания комфортного климата в помещении	2024-03-14 00:31:07.429667	2024-03-14 00:31:07.429667	293
300	Кондиционеры	Системы кондиционирования воздуха	2024-03-14 00:31:07.429667	2024-03-14 00:31:07.429667	299
301	Обогреватели	Приборы для обогрева помещения	2024-03-14 00:31:07.429667	2024-03-14 00:31:07.429667	299
302	Увлажнители воздуха	Приборы для увлажнения воздуха	2024-03-14 00:31:07.429667	2024-03-14 00:31:07.429667	299
303	Вентиляторы	Приборы для циркуляции воздуха	2024-03-14 00:31:07.429667	2024-03-14 00:31:07.429667	299
304	Бытовая техника для кухни	Различная техника для приготовления пищи	2024-03-14 00:31:07.429667	2024-03-14 00:31:07.429667	293
305	Мультиварки и скороварки	Устройства для мультиварки и скороварки	2024-03-14 00:31:07.429667	2024-03-14 00:31:07.429667	304
306	Электрочайники	Приборы для кипячения воды	2024-03-14 00:31:07.429667	2024-03-14 00:31:07.429667	304
307	Кофеварки и кофемолки	Устройства для приготовления кофе	2024-03-14 00:31:07.429667	2024-03-14 00:31:07.429667	304
308	Посудомоечные машины	Автоматические мойки для посуды	2024-03-14 00:31:07.429667	2024-03-14 00:31:07.429667	304
309	Путешествия и туризм	Туристические услуги и товары для путешествий	2024-03-14 00:31:07.429667	2024-03-14 00:31:07.429667	\N
310	Поездки и экскурсии	Различные виды путешествий и экскурсий	2024-03-14 00:31:07.429667	2024-03-14 00:31:07.429667	309
311	Экскурсии по городу	Экскурсии по городским достопримечательностям	2024-03-14 00:31:07.429667	2024-03-14 00:31:07.429667	310
312	Автобусные туры	Туры на автобусе	2024-03-14 00:31:07.429667	2024-03-14 00:31:07.429667	310
313	Круизы	Морские и речные круизы	2024-03-14 00:31:07.429667	2024-03-14 00:31:07.429667	310
314	Экстремальные туры	Экстремальные виды туризма	2024-03-14 00:31:07.429667	2024-03-14 00:31:07.429667	310
315	Отели и апартаменты	Проживание на отдыхе	2024-03-14 00:31:07.429667	2024-03-14 00:31:07.429667	310
\.


--
-- Data for Name: comments; Type: TABLE DATA; Schema: public; Owner: postgres
--

COPY public.comments (id, body, status, created_at, updated_at, reply_comment_id, product_id, user_id) FROM stdin;
2	hello world	ok	2024-03-13 19:42:37.474136	2024-03-13 19:42:37.474136	\N	42	3
\.


--
-- Data for Name: customers; Type: TABLE DATA; Schema: public; Owner: postgres
--

COPY public.customers (id) FROM stdin;
3
8
9
10
11
12
13
14
15
16
17
18
19
20
21
22
23
24
25
26
27
28
29
30
31
32
33
34
35
36
37
38
39
40
41
42
43
44
45
46
47
48
49
50
51
52
53
54
55
56
57
58
59
60
61
62
63
64
65
66
67
68
69
70
71
72
73
74
75
76
77
78
79
80
81
82
83
84
85
86
87
88
89
90
91
92
93
94
95
96
97
98
99
100
101
102
103
104
105
106
107
108
109
110
111
112
121
\.


--
-- Data for Name: customers_products; Type: TABLE DATA; Schema: public; Owner: postgres
--

COPY public.customers_products (product_id, customer_id, rel_type, created_at) FROM stdin;
42	3	recomend	2024-03-28 06:08:34.23348
42	3	watched	2024-03-28 05:56:04.045037
56	17	recomend	2024-04-04 08:12:42.389467
66	103	recomend	2024-04-04 08:13:06.603628
35	100	recomend	2024-04-04 08:13:06.603628
68	67	recomend	2024-04-04 08:13:06.603628
20	103	recomend	2024-04-04 08:13:06.603628
62	3	recomend	2024-04-04 08:13:06.603628
66	16	recomend	2024-04-04 08:13:06.603628
25	44	recomend	2024-04-04 08:13:06.603628
49	42	recomend	2024-04-04 08:13:06.603628
76	24	recomend	2024-04-04 08:13:06.603628
24	58	recomend	2024-04-04 08:13:06.603628
55	15	recomend	2024-04-04 08:13:06.603628
42	30	recomend	2024-04-04 08:13:06.603628
66	51	recomend	2024-04-04 08:13:06.603628
74	64	recomend	2024-04-04 08:13:06.603628
38	66	recomend	2024-04-04 08:13:06.603628
17	31	recomend	2024-04-04 08:13:06.603628
62	15	recomend	2024-04-04 08:13:06.603628
52	29	recomend	2024-04-04 08:13:06.603628
71	101	recomend	2024-04-04 08:13:06.603628
67	106	recomend	2024-04-04 08:13:06.603628
62	52	recomend	2024-04-04 08:13:06.603628
52	98	recomend	2024-04-04 08:13:06.603628
41	95	recomend	2024-04-04 08:13:06.603628
28	45	recomend	2024-04-04 08:13:06.603628
50	32	recomend	2024-04-04 08:13:06.603628
35	93	recomend	2024-04-04 08:13:06.603628
18	32	recomend	2024-04-04 08:13:06.603628
35	25	recomend	2024-04-04 08:13:06.603628
45	34	recomend	2024-04-04 08:13:06.603628
32	78	recomend	2024-04-04 08:13:06.603628
72	10	recomend	2024-04-04 08:13:06.603628
36	46	recomend	2024-04-04 08:13:06.603628
22	22	recomend	2024-04-04 08:13:06.603628
71	90	recomend	2024-04-04 08:13:06.603628
58	3	recomend	2024-04-04 08:13:06.603628
69	55	recomend	2024-04-04 08:13:06.603628
31	96	recomend	2024-04-04 08:13:06.603628
45	57	recomend	2024-04-04 08:13:06.603628
70	26	recomend	2024-04-04 08:13:06.603628
42	57	recomend	2024-04-04 08:13:06.603628
63	68	recomend	2024-04-04 08:13:06.603628
53	62	recomend	2024-04-04 08:13:06.603628
32	82	recomend	2024-04-04 08:13:06.603628
69	103	recomend	2024-04-04 08:13:06.603628
16	12	recomend	2024-04-04 08:13:06.603628
72	9	recomend	2024-04-04 08:13:06.603628
30	90	recomend	2024-04-04 08:13:06.603628
31	107	recomend	2024-04-04 08:13:06.603628
19	28	recomend	2024-04-04 08:13:06.603628
54	55	recomend	2024-04-04 08:13:06.603628
63	104	recomend	2024-04-04 08:13:06.603628
58	47	recomend	2024-04-04 08:13:06.603628
42	83	recomend	2024-04-04 08:13:06.603628
25	59	recomend	2024-04-04 08:13:06.603628
59	48	recomend	2024-04-04 08:13:06.603628
19	70	recomend	2024-04-04 08:13:06.603628
77	25	recomend	2024-04-04 08:13:06.603628
26	101	recomend	2024-04-04 08:13:06.603628
18	112	recomend	2024-04-04 08:13:06.603628
27	89	recomend	2024-04-04 08:13:06.603628
63	108	recomend	2024-04-04 08:13:06.603628
47	110	recomend	2024-04-04 08:13:06.603628
40	8	recomend	2024-04-04 08:13:06.603628
42	24	recomend	2024-04-04 08:13:06.603628
15	33	recomend	2024-04-04 08:13:06.603628
40	102	recomend	2024-04-04 08:13:06.603628
36	17	recomend	2024-04-04 08:13:06.603628
47	88	recomend	2024-04-04 08:13:06.603628
71	56	recomend	2024-04-04 08:13:06.603628
37	22	recomend	2024-04-04 08:13:06.603628
77	84	recomend	2024-04-04 08:13:06.603628
69	56	recomend	2024-04-04 08:13:06.603628
15	108	recomend	2024-04-04 08:13:06.603628
42	109	recomend	2024-04-04 08:13:06.603628
76	82	recomend	2024-04-04 08:13:06.603628
42	94	recomend	2024-04-04 08:13:06.603628
71	25	recomend	2024-04-04 08:13:06.603628
61	89	recomend	2024-04-04 08:13:06.603628
49	46	recomend	2024-04-04 08:13:06.603628
62	12	recomend	2024-04-04 08:13:06.603628
70	112	recomend	2024-04-04 08:13:06.603628
35	11	recomend	2024-04-04 08:13:06.603628
29	109	recomend	2024-04-04 08:13:06.603628
18	3	recomend	2024-04-04 08:13:06.603628
53	17	recomend	2024-04-04 08:13:06.603628
64	9	recomend	2024-04-04 08:13:06.603628
26	61	recomend	2024-04-04 08:13:06.603628
23	100	recomend	2024-04-04 08:13:06.603628
45	31	recomend	2024-04-04 08:13:06.603628
28	78	recomend	2024-04-04 08:13:06.603628
62	81	recomend	2024-04-04 08:13:06.603628
36	92	recomend	2024-04-04 08:13:06.603628
21	25	recomend	2024-04-04 08:13:06.603628
16	56	recomend	2024-04-04 08:13:06.603628
60	38	recomend	2024-04-04 08:13:06.603628
15	22	recomend	2024-04-04 08:13:06.603628
49	86	recomend	2024-04-04 08:13:06.603628
71	93	recomend	2024-04-04 08:13:06.603628
69	31	recomend	2024-04-04 08:13:06.603628
19	8	recomend	2024-04-04 08:13:06.603628
42	70	recomend	2024-04-04 08:13:06.603628
47	35	recomend	2024-04-04 08:13:06.603628
41	51	recomend	2024-04-04 08:13:06.603628
68	51	recomend	2024-04-04 08:13:06.603628
69	34	recomend	2024-04-04 08:13:06.603628
77	112	recomend	2024-04-04 08:13:06.603628
39	84	recomend	2024-04-04 08:13:06.603628
71	97	recomend	2024-04-04 08:13:06.603628
21	52	recomend	2024-04-04 08:13:06.603628
55	54	recomend	2024-04-04 08:13:06.603628
24	50	recomend	2024-04-04 08:13:06.603628
25	71	recomend	2024-04-04 08:13:06.603628
13	43	recomend	2024-04-04 08:13:06.603628
30	24	recomend	2024-04-04 08:13:06.603628
19	85	recomend	2024-04-04 08:13:06.603628
15	36	recomend	2024-04-04 08:13:06.603628
66	30	recomend	2024-04-04 08:13:06.603628
54	101	recomend	2024-04-04 08:13:06.603628
19	19	recomend	2024-04-04 08:13:06.603628
23	72	recomend	2024-04-04 08:13:06.603628
75	19	recomend	2024-04-04 08:13:06.603628
17	103	recomend	2024-04-04 08:13:06.603628
23	66	recomend	2024-04-04 08:13:06.603628
43	8	recomend	2024-04-04 08:13:06.603628
30	37	recomend	2024-04-04 08:13:06.603628
20	68	recomend	2024-04-04 08:13:06.603628
33	17	recomend	2024-04-04 08:13:06.603628
37	28	recomend	2024-04-04 08:13:06.603628
51	29	recomend	2024-04-04 08:13:06.603628
67	84	recomend	2024-04-04 08:13:06.603628
14	69	recomend	2024-04-04 08:13:06.603628
14	86	recomend	2024-04-04 08:13:06.603628
65	30	recomend	2024-04-04 08:13:06.603628
43	76	recomend	2024-04-04 08:13:06.603628
55	68	recomend	2024-04-04 08:13:06.603628
14	9	recomend	2024-04-04 08:13:06.603628
38	92	recomend	2024-04-04 08:13:06.603628
26	17	recomend	2024-04-04 08:13:06.603628
27	88	recomend	2024-04-04 08:13:06.603628
53	98	recomend	2024-04-04 08:13:06.603628
71	78	recomend	2024-04-04 08:13:06.603628
26	22	recomend	2024-04-04 08:13:06.603628
70	60	recomend	2024-04-04 08:13:06.603628
43	58	recomend	2024-04-04 08:13:06.603628
17	20	recomend	2024-04-04 08:13:06.603628
13	26	recomend	2024-04-04 08:13:06.603628
72	50	recomend	2024-04-04 08:13:06.603628
54	111	recomend	2024-04-04 08:13:06.603628
32	20	recomend	2024-04-04 08:13:06.603628
22	66	recomend	2024-04-04 08:13:06.603628
72	79	recomend	2024-04-04 08:13:06.603628
43	20	recomend	2024-04-04 08:13:06.603628
22	83	recomend	2024-04-04 08:13:06.603628
32	91	recomend	2024-04-04 08:13:06.603628
23	12	recomend	2024-04-04 08:13:06.603628
16	34	recomend	2024-04-04 08:13:06.603628
77	87	recomend	2024-04-04 08:13:06.603628
67	56	recomend	2024-04-04 08:13:06.603628
66	40	recomend	2024-04-04 08:13:06.603628
26	67	recomend	2024-04-04 08:13:06.603628
76	25	recomend	2024-04-04 08:13:06.603628
28	112	recomend	2024-04-04 08:13:06.603628
22	32	recomend	2024-04-04 08:13:06.603628
48	23	recomend	2024-04-04 08:13:06.603628
51	21	recomend	2024-04-04 08:13:06.603628
77	60	recomend	2024-04-04 08:13:06.603628
37	54	recomend	2024-04-04 08:13:06.603628
65	55	recomend	2024-04-04 08:13:06.603628
38	102	recomend	2024-04-04 08:13:06.603628
74	112	recomend	2024-04-04 08:13:06.603628
56	96	recomend	2024-04-04 08:13:06.603628
28	64	recomend	2024-04-04 08:13:06.603628
27	65	recomend	2024-04-04 08:13:06.603628
42	86	recomend	2024-04-04 08:13:06.603628
26	105	recomend	2024-04-04 08:13:06.603628
51	11	recomend	2024-04-04 08:13:06.603628
32	95	recomend	2024-04-04 08:13:06.603628
29	34	recomend	2024-04-04 08:13:06.603628
44	48	recomend	2024-04-04 08:13:06.603628
69	42	recomend	2024-04-04 08:13:06.603628
59	78	recomend	2024-04-04 08:13:06.603628
35	45	recomend	2024-04-04 08:13:06.603628
64	102	recomend	2024-04-04 08:13:06.603628
20	82	recomend	2024-04-04 08:13:06.603628
32	83	recomend	2024-04-04 08:13:06.603628
46	84	recomend	2024-04-04 08:13:06.603628
67	79	recomend	2024-04-04 08:13:06.603628
60	50	recomend	2024-04-04 08:13:06.603628
41	48	recomend	2024-04-04 08:13:06.603628
14	44	recomend	2024-04-04 08:13:06.603628
55	105	recomend	2024-04-04 08:13:06.603628
40	40	recomend	2024-04-04 08:13:06.603628
29	76	recomend	2024-04-04 08:13:06.603628
30	72	recomend	2024-04-04 08:13:06.603628
74	89	recomend	2024-04-04 08:13:06.603628
57	35	recomend	2024-04-04 08:13:06.603628
15	19	recomend	2024-04-04 08:13:06.603628
32	52	recomend	2024-04-04 08:13:06.603628
69	70	recomend	2024-04-04 08:13:06.603628
30	99	recomend	2024-04-04 08:13:06.603628
51	63	recomend	2024-04-04 08:13:06.603628
30	108	recomend	2024-04-04 08:13:06.603628
17	32	recomend	2024-04-04 08:13:06.603628
61	39	recomend	2024-04-04 08:13:06.603628
78	20	recomend	2024-04-04 08:13:06.603628
63	106	recomend	2024-04-04 08:13:06.603628
16	111	recomend	2024-04-04 08:13:06.603628
46	22	recomend	2024-04-04 08:13:06.603628
45	30	recomend	2024-04-04 08:13:06.603628
16	69	recomend	2024-04-04 08:13:06.603628
71	51	recomend	2024-04-04 08:13:06.603628
14	11	recomend	2024-04-04 08:13:06.603628
68	38	recomend	2024-04-04 08:13:06.603628
16	67	recomend	2024-04-04 08:13:06.603628
77	66	recomend	2024-04-04 08:13:06.603628
69	50	recomend	2024-04-04 08:13:06.603628
36	81	recomend	2024-04-04 08:13:06.603628
16	102	recomend	2024-04-04 08:13:06.603628
26	42	recomend	2024-04-04 08:13:06.603628
13	41	recomend	2024-04-04 08:13:06.603628
54	26	recomend	2024-04-04 08:13:06.603628
29	100	recomend	2024-04-04 08:13:06.603628
51	60	recomend	2024-04-04 08:13:06.603628
74	34	recomend	2024-04-04 08:13:06.603628
46	16	recomend	2024-04-04 08:13:06.603628
15	68	recomend	2024-04-04 08:13:06.603628
47	81	recomend	2024-04-04 08:13:06.603628
58	80	recomend	2024-04-04 08:13:06.603628
27	48	recomend	2024-04-04 08:13:06.603628
31	60	recomend	2024-04-04 08:13:06.603628
34	29	recomend	2024-04-04 08:13:06.603628
35	42	recomend	2024-04-04 08:13:06.603628
27	39	recomend	2024-04-04 08:13:06.603628
42	73	recomend	2024-04-04 08:13:06.603628
73	90	recomend	2024-04-04 08:13:06.603628
53	97	recomend	2024-04-04 08:13:06.603628
25	69	recomend	2024-04-04 08:13:06.603628
40	108	recomend	2024-04-04 08:13:06.603628
27	90	recomend	2024-04-04 08:13:06.603628
59	77	recomend	2024-04-04 08:13:06.603628
57	40	recomend	2024-04-04 08:13:06.603628
17	67	recomend	2024-04-04 08:13:06.603628
63	17	recomend	2024-04-04 08:13:06.603628
77	45	recomend	2024-04-04 08:13:06.603628
44	66	recomend	2024-04-04 08:13:06.603628
29	33	recomend	2024-04-04 08:13:06.603628
56	22	recomend	2024-04-04 08:13:06.603628
42	47	recomend	2024-04-04 08:13:06.603628
28	36	recomend	2024-04-04 08:13:06.603628
47	68	recomend	2024-04-04 08:13:06.603628
70	50	recomend	2024-04-04 08:13:06.603628
39	16	recomend	2024-04-04 08:13:06.603628
76	106	recomend	2024-04-04 08:13:06.603628
59	22	recomend	2024-04-04 08:13:06.603628
54	49	recomend	2024-04-04 08:13:06.603628
68	23	recomend	2024-04-04 08:13:06.603628
34	99	recomend	2024-04-04 08:13:06.603628
24	54	recomend	2024-04-04 08:13:06.603628
54	8	recomend	2024-04-04 08:13:06.603628
54	48	recomend	2024-04-04 08:13:06.603628
51	88	recomend	2024-04-04 08:13:06.603628
22	29	recomend	2024-04-04 08:13:06.603628
63	37	recomend	2024-04-04 08:13:06.603628
13	82	recomend	2024-04-04 08:13:06.603628
58	89	recomend	2024-04-04 08:13:06.603628
46	66	recomend	2024-04-04 08:13:06.603628
13	78	recomend	2024-04-04 08:13:06.603628
28	37	recomend	2024-04-04 08:13:06.603628
40	21	recomend	2024-04-04 08:13:06.603628
37	56	recomend	2024-04-04 08:13:06.603628
31	109	recomend	2024-04-04 08:13:06.603628
13	46	recomend	2024-04-04 08:13:06.603628
42	53	recomend	2024-04-04 08:13:06.603628
67	30	recomend	2024-04-04 08:13:06.603628
71	54	recomend	2024-04-04 08:13:06.603628
35	27	recomend	2024-04-04 08:13:06.603628
58	112	recomend	2024-04-04 08:13:06.603628
64	29	recomend	2024-04-04 08:13:06.603628
73	92	recomend	2024-04-04 08:13:06.603628
31	18	recomend	2024-04-04 08:13:06.603628
67	61	recomend	2024-04-04 08:13:06.603628
17	16	recomend	2024-04-04 08:13:06.603628
74	81	recomend	2024-04-04 08:13:06.603628
40	35	recomend	2024-04-04 08:13:06.603628
55	66	recomend	2024-04-04 08:13:06.603628
68	60	recomend	2024-04-04 08:13:06.603628
54	89	recomend	2024-04-04 08:13:06.603628
36	75	recomend	2024-04-04 08:13:06.603628
61	31	recomend	2024-04-04 08:13:06.603628
33	32	recomend	2024-04-04 08:13:06.603628
65	108	recomend	2024-04-04 08:13:06.603628
40	47	recomend	2024-04-04 08:13:06.603628
54	71	recomend	2024-04-04 08:13:06.603628
59	27	recomend	2024-04-04 08:13:06.603628
37	74	recomend	2024-04-04 08:13:06.603628
20	17	recomend	2024-04-04 08:13:06.603628
76	37	recomend	2024-04-04 08:13:06.603628
14	35	recomend	2024-04-04 08:13:06.603628
77	72	recomend	2024-04-04 08:13:06.603628
18	44	recomend	2024-04-04 08:13:06.603628
28	98	recomend	2024-04-04 08:13:06.603628
56	41	recomend	2024-04-04 08:13:06.603628
71	46	recomend	2024-04-04 08:13:06.603628
65	10	recomend	2024-04-04 08:13:06.603628
58	98	recomend	2024-04-04 08:13:06.603628
15	15	recomend	2024-04-04 08:13:06.603628
68	78	recomend	2024-04-04 08:13:06.603628
38	107	recomend	2024-04-04 08:13:06.603628
43	29	recomend	2024-04-04 08:13:06.603628
68	10	recomend	2024-04-04 08:13:06.603628
24	105	recomend	2024-04-04 08:13:06.603628
34	104	recomend	2024-04-04 08:13:06.603628
38	70	recomend	2024-04-04 08:13:06.603628
52	104	recomend	2024-04-04 08:13:06.603628
49	67	recomend	2024-04-04 08:13:06.603628
33	31	recomend	2024-04-04 08:13:06.603628
58	52	recomend	2024-04-04 08:13:06.603628
32	62	recomend	2024-04-04 08:13:06.603628
68	100	recomend	2024-04-04 08:13:06.603628
21	76	recomend	2024-04-04 08:13:06.603628
54	39	recomend	2024-04-04 08:13:06.603628
22	77	recomend	2024-04-04 08:13:06.603628
45	70	recomend	2024-04-04 08:13:06.603628
14	12	recomend	2024-04-04 08:13:06.603628
14	66	recomend	2024-04-04 08:13:06.603628
29	31	recomend	2024-04-04 08:13:06.603628
23	21	recomend	2024-04-04 08:13:06.603628
68	96	recomend	2024-04-04 08:13:06.603628
39	19	recomend	2024-04-04 08:13:06.603628
22	59	recomend	2024-04-04 08:13:06.603628
17	58	recomend	2024-04-04 08:13:06.603628
59	36	recomend	2024-04-04 08:13:06.603628
31	50	recomend	2024-04-04 08:13:06.603628
34	101	recomend	2024-04-04 08:13:06.603628
36	86	recomend	2024-04-04 08:13:06.603628
64	62	recomend	2024-04-04 08:13:06.603628
42	49	recomend	2024-04-04 08:13:06.603628
21	85	recomend	2024-04-04 08:13:06.603628
41	40	recomend	2024-04-04 08:13:06.603628
44	95	recomend	2024-04-04 08:13:06.603628
26	71	recomend	2024-04-04 08:13:06.603628
58	44	recomend	2024-04-04 08:13:06.603628
61	24	recomend	2024-04-04 08:13:06.603628
21	31	recomend	2024-04-04 08:13:06.603628
54	60	recomend	2024-04-04 08:13:06.603628
46	41	recomend	2024-04-04 08:13:06.603628
27	91	recomend	2024-04-04 08:13:06.603628
52	45	recomend	2024-04-04 08:13:06.603628
74	94	recomend	2024-04-04 08:13:06.603628
43	44	recomend	2024-04-04 08:13:06.603628
62	40	recomend	2024-04-04 08:13:06.603628
72	29	recomend	2024-04-04 08:13:06.603628
77	76	recomend	2024-04-04 08:13:06.603628
24	83	recomend	2024-04-04 08:13:06.603628
43	13	recomend	2024-04-04 08:13:06.603628
25	77	recomend	2024-04-04 08:13:06.603628
75	94	recomend	2024-04-04 08:13:06.603628
73	97	recomend	2024-04-04 08:13:06.603628
78	53	recomend	2024-04-04 08:13:06.603628
19	14	recomend	2024-04-04 08:13:06.603628
75	110	recomend	2024-04-04 08:13:06.603628
38	37	recomend	2024-04-04 08:13:06.603628
46	111	recomend	2024-04-04 08:13:06.603628
52	79	recomend	2024-04-04 08:13:06.603628
13	3	recomend	2024-04-04 08:13:06.603628
33	25	recomend	2024-04-04 08:13:06.603628
63	107	recomend	2024-04-04 08:13:06.603628
73	22	recomend	2024-04-04 08:13:06.603628
35	18	recomend	2024-04-04 08:13:06.603628
74	55	recomend	2024-04-04 08:13:06.603628
66	43	recomend	2024-04-04 08:13:06.603628
33	105	recomend	2024-04-04 08:13:06.603628
26	20	recomend	2024-04-04 08:13:06.603628
60	86	recomend	2024-04-04 08:13:06.603628
66	34	recomend	2024-04-04 08:13:06.603628
36	50	recomend	2024-04-04 08:13:06.603628
64	67	recomend	2024-04-04 08:13:06.603628
77	23	recomend	2024-04-04 08:13:06.603628
48	96	recomend	2024-04-04 08:13:06.603628
15	73	recomend	2024-04-04 08:13:06.603628
26	96	recomend	2024-04-04 08:13:06.603628
50	59	recomend	2024-04-04 08:13:06.603628
63	93	recomend	2024-04-04 08:13:06.603628
66	12	recomend	2024-04-04 08:13:06.603628
61	93	recomend	2024-04-04 08:13:06.603628
26	40	recomend	2024-04-04 08:13:06.603628
71	50	recomend	2024-04-04 08:13:06.603628
77	32	recomend	2024-04-04 08:13:06.603628
74	84	recomend	2024-04-04 08:13:06.603628
58	13	recomend	2024-04-04 08:13:06.603628
37	35	recomend	2024-04-04 08:13:06.603628
67	10	recomend	2024-04-04 08:13:06.603628
62	44	recomend	2024-04-04 08:13:06.603628
29	72	recomend	2024-04-04 08:13:06.603628
70	69	recomend	2024-04-04 08:13:06.603628
27	41	recomend	2024-04-04 08:13:06.603628
56	63	recomend	2024-04-04 08:13:06.603628
15	96	recomend	2024-04-04 08:13:06.603628
20	39	recomend	2024-04-04 08:13:06.603628
29	49	recomend	2024-04-04 08:13:06.603628
58	93	recomend	2024-04-04 08:13:06.603628
36	102	recomend	2024-04-04 08:13:06.603628
53	100	recomend	2024-04-04 08:13:06.603628
34	105	recomend	2024-04-04 08:13:06.603628
55	49	recomend	2024-04-04 08:13:06.603628
23	56	recomend	2024-04-04 08:13:06.603628
31	64	recomend	2024-04-04 08:13:06.603628
65	85	recomend	2024-04-04 08:13:06.603628
75	32	recomend	2024-04-04 08:13:06.603628
14	103	recomend	2024-04-04 08:13:06.603628
47	108	recomend	2024-04-04 08:13:06.603628
58	72	recomend	2024-04-04 08:13:06.603628
70	111	recomend	2024-04-04 08:13:06.603628
20	99	recomend	2024-04-04 08:13:06.603628
56	93	recomend	2024-04-04 08:13:06.603628
48	111	recomend	2024-04-04 08:13:06.603628
52	23	recomend	2024-04-04 08:13:06.603628
30	38	recomend	2024-04-04 08:13:06.603628
54	46	recomend	2024-04-04 08:13:06.603628
49	84	recomend	2024-04-04 08:13:06.603628
40	50	recomend	2024-04-04 08:13:06.603628
56	62	recomend	2024-04-04 08:13:06.603628
18	58	recomend	2024-04-04 08:13:06.603628
72	106	recomend	2024-04-04 08:13:06.603628
76	50	recomend	2024-04-04 08:13:06.603628
68	109	recomend	2024-04-04 08:13:06.603628
42	63	recomend	2024-04-04 08:13:06.603628
36	29	recomend	2024-04-04 08:13:06.603628
71	100	recomend	2024-04-04 08:13:06.603628
66	50	recomend	2024-04-04 08:13:06.603628
26	8	recomend	2024-04-04 08:13:06.603628
27	93	recomend	2024-04-04 08:13:06.603628
59	46	recomend	2024-04-04 08:13:06.603628
43	10	recomend	2024-04-04 08:13:06.603628
14	58	recomend	2024-04-04 08:13:06.603628
72	39	recomend	2024-04-04 08:13:06.603628
32	87	recomend	2024-04-04 08:13:06.603628
68	8	recomend	2024-04-04 08:13:06.603628
50	53	recomend	2024-04-04 08:13:06.603628
64	96	recomend	2024-04-04 08:13:06.603628
16	82	recomend	2024-04-04 08:13:06.603628
30	48	recomend	2024-04-04 08:13:06.603628
21	101	recomend	2024-04-04 08:13:06.603628
68	90	recomend	2024-04-04 08:13:06.603628
19	18	recomend	2024-04-04 08:13:06.603628
32	50	recomend	2024-04-04 08:13:06.603628
45	104	recomend	2024-04-04 08:13:06.603628
52	110	recomend	2024-04-04 08:13:06.603628
53	39	recomend	2024-04-04 08:13:06.603628
41	59	recomend	2024-04-04 08:13:06.603628
40	29	recomend	2024-04-04 08:13:06.603628
20	57	recomend	2024-04-04 08:13:06.603628
13	83	recomend	2024-04-04 08:13:06.603628
17	70	recomend	2024-04-04 08:13:06.603628
39	37	recomend	2024-04-04 08:13:06.603628
71	13	recomend	2024-04-04 08:13:06.603628
75	70	recomend	2024-04-04 08:13:06.603628
40	96	recomend	2024-04-04 08:13:06.603628
77	65	recomend	2024-04-04 08:13:06.603628
25	91	recomend	2024-04-04 08:13:06.603628
23	46	recomend	2024-04-04 08:13:06.603628
68	36	recomend	2024-04-04 08:13:06.603628
66	9	recomend	2024-04-04 08:13:06.603628
64	82	recomend	2024-04-04 08:13:06.603628
51	102	recomend	2024-04-04 08:13:06.603628
50	97	recomend	2024-04-04 08:13:06.603628
47	96	recomend	2024-04-04 08:13:06.603628
55	41	recomend	2024-04-04 08:13:06.603628
61	86	recomend	2024-04-04 08:13:06.603628
71	65	recomend	2024-04-04 08:13:06.603628
37	109	recomend	2024-04-04 08:13:06.603628
20	97	recomend	2024-04-04 08:13:06.603628
26	99	recomend	2024-04-04 08:13:06.603628
70	44	recomend	2024-04-04 08:13:06.603628
42	97	recomend	2024-04-04 08:13:06.603628
25	110	recomend	2024-04-04 08:13:06.603628
22	107	recomend	2024-04-04 08:13:06.603628
49	81	recomend	2024-04-04 08:13:06.603628
34	76	recomend	2024-04-04 08:13:06.603628
29	23	recomend	2024-04-04 08:13:06.603628
27	54	recomend	2024-04-04 08:13:06.603628
69	81	recomend	2024-04-04 08:13:06.603628
59	105	recomend	2024-04-04 08:13:06.603628
31	74	recomend	2024-04-04 08:13:06.603628
61	52	recomend	2024-04-04 08:13:06.603628
29	73	recomend	2024-04-04 08:13:06.603628
63	47	recomend	2024-04-04 08:13:06.603628
70	99	recomend	2024-04-04 08:13:06.603628
54	109	recomend	2024-04-04 08:13:06.603628
60	27	recomend	2024-04-04 08:13:06.603628
65	53	recomend	2024-04-04 08:13:06.603628
53	99	recomend	2024-04-04 08:13:06.603628
76	108	recomend	2024-04-04 08:13:06.603628
78	58	recomend	2024-04-04 08:13:06.603628
37	25	recomend	2024-04-04 08:13:06.603628
74	76	recomend	2024-04-04 08:13:06.603628
60	61	recomend	2024-04-04 08:13:06.603628
19	10	recomend	2024-04-04 08:13:06.603628
44	93	recomend	2024-04-04 08:13:06.603628
68	74	recomend	2024-04-04 08:13:06.603628
22	3	watched	2024-04-07 20:16:22.317824
23	3	watched	2024-04-07 20:16:26.88224
24	3	watched	2024-04-07 20:16:29.753847
58	3	cart	2024-12-24 21:05:18.079309
58	3	compare	2024-12-24 21:05:24.021217
40	3	cart	2024-12-26 18:21:37.20102
38	3	cart	2024-12-26 18:21:40.743436
44	3	cart	2024-12-26 18:21:42.64798
49	3	cart	2024-12-26 18:21:43.175067
45	3	cart	2024-12-26 18:21:43.99984
40	3	favorite	2024-12-26 18:21:49.526184
38	3	favorite	2024-12-26 18:21:49.714563
44	3	favorite	2024-12-26 18:21:50.640557
49	3	favorite	2024-12-26 18:21:51.245314
38	3	compare	2024-12-26 18:21:53.34484
13	3	cart	2025-02-22 21:08:22.7989
31	3	watched	2025-02-24 14:26:12.651883
55	3	watched	2025-02-24 14:26:49.094304
19	3	watched	2025-02-24 14:25:53.148514
69	3	watched	2025-02-24 14:26:28.098024
36	3	watched	2025-02-24 14:27:17.7669
\.


--
-- Data for Name: deliveries; Type: TABLE DATA; Schema: public; Owner: postgres
--

COPY public.deliveries (id, int_doc_number, sender, senders_phone, sender_warehouse, city_sender, recipient, recipients_phone, recipient_doors, city_recipient, order_id) FROM stdin;
1	2041233211234	Andrey Andreev	0991234567	23	Kyiv	Boris Borisov	0661234567	Lenin str 14 88	Uzhgorod	2
\.


--
-- Data for Name: filters; Type: TABLE DATA; Schema: public; Owner: postgres
--

COPY public.filters (attribute_id, category_id) FROM stdin;
\.


--
-- Data for Name: follows; Type: TABLE DATA; Schema: public; Owner: postgres
--

COPY public.follows (following_user_id, followed_user_id, created_at) FROM stdin;
3	4	\N
4	3	2024-03-18 03:20:37.654222
\.


--
-- Data for Name: leads; Type: TABLE DATA; Schema: public; Owner: postgres
--

COPY public.leads (id, payment_type, fixed_cost, created_at, customer_id, advisor_id) FROM stdin;
2	afterpayment	12345	2024-03-13 19:42:37.474136	3	4
3	card	4200	2024-03-25 23:19:39.151664	3	4
\.


--
-- Data for Name: orders; Type: TABLE DATA; Schema: public; Owner: postgres
--

COPY public.orders (id, payment_type, fixed_cost, created_at, updated_at, lead_id, upsale_id) FROM stdin;
2	afterpayment	12345	2024-03-13 19:48:27.096424	2024-03-13 19:48:27.096424	2	2
\.


--
-- Data for Name: photos; Type: TABLE DATA; Schema: public; Owner: postgres
--

COPY public.photos (id, uri, product_id) FROM stdin;
37	224083634.jpg	13
39	20190118063031997.jpg	13
38	2022091909564069.jpg	13
41	20210615191252596.jpg	13
40	20220704220631752.jpg	13
42	20171130053735822.jpg	13
43	20210608213852703.jpg	13
44	20211101203247640.jpg	13
45	20161007113734330.jpg	13
46	142286125.jpg	16
48	20220608171027319.jpg	16
49	20220213174324124.jpg	16
50	20220705210526947.jpg	16
51	20191002054158954.jpg	16
47	2022100119211163.jpg	16
52	20210219192433116.jpg	16
53	20210205214819551.jpg	16
54	111111111.jpg	14
55	20221001191005189.jpg	14
56	20201101223224435.jpg	14
57	20200915225342302.jpg	14
58	20200119204811383.jpg	14
59	20161007113734330.jpg	14
60	20190628013756505.jpg	14
61	254822474.jpg	15
62	20220908221446972.jpg	15
63	20211024215244839.jpg	15
64	20201216205515595.jpg	15
65	2021092821452396.jpg	15
66	20171130053735822.jpg	15
67	20130406222224684.jpg	15
68	20220615214338724.jpg	15
69	286002410.jpg	17
70	20220813195708687.jpg	17
71	20221023011008827.jpg	17
72	2022100119211163.jpg	17
73	20230519201059232.jpg	17
74	20210307215526130.jpg	17
75	20220727183008587.jpg	17
76	20210823201239986.jpg	17
77	20130303164427671.jpg	17
78	224083634.jpg	18
79	20220921194110806.jpg	18
80	2022100119211163.jpg	18
81	20211030203508719.jpg	18
82	20220727183008587.jpg	18
83	20210909220122114.jpg	18
84	20200313210659175.jpg	18
85	2018012900441512.jpg	18
86	20211101203247640.jpg	18
87	12683350.jpg	19
88	20230116175805233.jpg	19
89	20201101223224435.jpg	19
90	20220727183008587.jpg	19
91	20130406195159857.jpg	19
92	20211128213539363.jpg	19
93	20220705210526947.jpg	19
94	20171130053623387.jpg	19
95	20160521062922407.jpg	19
96	20130303164427671.jpg	19
97	224083634.jpg	20
98	20220729201754248.jpg	20
99	2022100119211163.jpg	20
100	20210426220118727.jpg	20
101	20200709222351241.jpg	20
102	20130406195159857.jpg	20
103	20210929221141259.jpg	20
104	2018012900441512.jpg	20
105	20211101203247640.jpg	20
106	392961.jpg	21
107	20220729201754248.jpg	21
108	2022100119211163.jpg	21
109	20210426220118727.jpg	21
110	20210527195245184.jpg	21
111	20130406195159857.jpg	21
112	20210909220122114.jpg	21
113	2018012900441512.jpg	21
114	2022070621255444.jpg	21
115	45816423.jpg	22
116	20221001191005189.jpg	22
117	20221209194918748.jpg	22
118	20220612194112307.jpg	22
119	20220120190355342.jpg	22
120	20130406195159857.jpg	22
121	20210626211303792.jpg	22
122	20210909220122114.jpg	22
123	20140923134911813.jpg	22
124	20210219192433116.jpg	22
125	195535068.jpg	23
126	20220618211913565.jpg	23
127	20210617192409619.jpg	23
128	20200709222351241.jpg	23
129	20200109184529262.jpg	23
130	20190808013145357.jpg	23
131	2021092821452396.jpg	23
132	20171130053735822.jpg	23
133	20160521062922407.jpg	23
134	2018012900441512.jpg	23
135	286002410.jpg	24
136	20221023011008827.jpg	24
137	20221001191005189.jpg	24
138	20201101222850884.jpg	24
139	20220727183008587.jpg	24
140	20210930194708344.jpg	24
141	2022060917574428.jpg	24
142	20140923134911813.jpg	24
143	20141119163220617.jpg	24
144	142286125.jpg	25
145	2022100119211163.jpg	25
153	45816423.jpg	26
166	20230519201059232.jpg	27
176	20220703221807498.jpg	28
187	20220705210526947.jpg	29
198	20180810033346717.jpg	30
208	2018012900441512.jpg	31
222	2022121418210470.jpg	33
235	20230125175302863.jpg	34
239	73917964.jpg	35
250	20221001211500616.jpg	36
263	20220608165255591.jpg	37
273	2021092919072121.jpg	39
283	2021091321555949.jpg	41
294	20121028134700777.jpg	42
301	2021092821452396.jpg	38
311	20220216182041201.jpg	47
314	20220705195218566.jpg	46
328	20210530205822189.jpg	40
338	20220913190522917.jpg	45
349	20200709222351241.jpg	44
359	20201201205001502.jpg	48
369	20210518213259986.jpg	50
379	20211221223429727.jpg	51
383	20220806203350275.jpg	52
394	20210823201239986.jpg	49
403	20210111194334871.jpg	54
414	20230127203439111.jpg	53
429	20190310023310640.jpg	56
440	o-product_pic1210331184727_2059.jpg	58
451	2021092821452396.jpg	57
462	20200926211729728.jpg	60
466	20170724011908712.jpg	61
477	20140923134911813.jpg	68
487	20211028204613123.jpg	67
498	p177216-8148-700x700.jpg	62
509	20160521062922407.jpg	66
511	886625-M4-450PLS(1).jpg	65
522	20200709223236369.jpg	77
532	20171130053735822.jpg	63
534	303544.jpg	73
552	20201103185414879.jpg	72
553	65_1.456.313.jpg	64
564	20230413175419598.jpg	70
575	20210930193711223.jpg	74
589	2021081822490438.jpg	76
599	20220728195917766.jpg	78
609	2022100119211163.jpg	75
157	20220213174324124.jpg	26
163	cougar_archon_2_mesh_rgb_black_archon_2_mesh_rgb_1720082.jpg	27
173	20221001192504373.jpg	28
184	20210109200834891.jpg	29
195	20210109200834891.jpg	30
205	20210930194708344.jpg	31
215	20230614210747646.jpg	32
225	2021090221310635.jpg	33
237	20121028134700777.jpg	34
241	20230304171254745.jpg	35
252	2022100119211163.jpg	36
265	2021090220474335.jpg	37
275	20180810033346717.jpg	39
285	20180810033346717.jpg	41
286	U0612948_7big.jpg	42
303	2021091819423359.jpg	38
316	20230125175302863.jpg	46
330	20220815203426461.jpg	43
340	20220703221807498.jpg	45
351	2021092821452396.jpg	44
361	20210930203434248.jpg	48
371	20180810033346717.jpg	50
381	20210723190340464.jpg	51
385	20221001192504373.jpg	52
396	20200302220348644.jpg	49
399	276431.jpg	54
410	20220911190340733.jpg	53
421	20170731024148137.jpg	55
425	20210120151100347.jpg	56
434	20201009211729960.jpg	59
445	201801290039268.jpg	58
452	20211218185343343.jpg	57
467	20170108080111401.jpg	61
478	20121028134700777.jpg	68
488	20220201220145328.jpg	67
489	195535068.jpg	69
499	20190118063031997.jpg	62
510	20201103215348669.jpg	66
512	20211030191313885.jpg	65
523	20210909220122114.jpg	77
533	20210220170015469.jpg	63
535	2022111521325976.jpg	73
543	2406208145.jpg	72
554	20210327214224949.jpg	64
565	20210930195223525.jpg	70
576	20190310023310640.jpg	74
579	2343954.jpg	71
590	2021052721133781.jpg	76
600	20220702185058917.jpg	78
610	20220608171027319.jpg	75
158	20210930194708344.jpg	26
165	20230129215158884.jpg	27
175	20210331200614305.jpg	28
186	20210322223040781.jpg	29
197	20140923134911813.jpg	30
207	20180813055053442.jpg	31
224	20190804000253435.jpg	33
230	cougar_archon_2_mesh_rgb_black_archon_2_mesh_rgb_1720082.jpg	34
244	20201009211729960.jpg	35
254	2023032721162693.jpg	36
267	248151776.jpg	39
277	195535068.jpg	41
288	20230303200604619.jpg	42
295	U0534964_9big.jpg	38
305	2022100119211163.jpg	47
318	20230413163129598.jpg	46
322	2022100119211163.jpg	40
332	20220609180320793.jpg	43
342	20211128213539363.jpg	45
353	20210221190217339.jpg	44
363	133141559.jpg	50
373	1025729-357430-X6(1).jpg	51
387	20221227175558149.jpg	52
398	20210221190217339.jpg	49
401	20220102221955144.jpg	54
412	20221027211026217.jpg	53
423	20180812044714879.jpg	55
427	2021092821452396.jpg	56
437	20190220091320170.jpg	59
458	2021092919072121.jpg	60
473	20220120190355342.jpg	68
483	20210307215526130.jpg	67
494	20201201205001502.jpg	69
505	20230302214042536.jpg	66
518	20220728195917766.jpg	77
528	20190916050200875.jpg	63
540	20200122193616662.jpg	73
548	20220701190419621.jpg	72
560	20230602192209452.jpg	70
572	20200116201137375.jpg	74
585	20230405172631594.jpg	71
596	2018012900441512.jpg	76
606	20141119163220617.jpg	78
146	20210519222158536.jpg	25
155	20221209194918748.jpg	26
168	20220705210526947.jpg	27
178	20220630184934878.jpg	28
189	20220706190529856.jpg	29
190	cougar_mx330_x_images_18996440167.jpg	30
200	248151776.jpg	31
210	00_638121487032525820.jpg	32
217	20210930215252618.jpg	32
227	20140923134911813.jpg	33
243	2021111121382212.jpg	35
257	20220615204055285.jpg	36
260	2022100119211163.jpg	37
270	2021042621075138.jpg	39
280	20210519210759973.jpg	41
291	20230603211221393.jpg	42
298	20201216205515595.jpg	38
308	20190804000253435.jpg	47
325	20211026184528812.jpg	40
335	20161007113734330.jpg	43
345	20210219192433116.jpg	45
356	20221215214143405.jpg	48
366	20200109184529262.jpg	50
376	20230117182805795.jpg	51
390	20211221223429727.jpg	52
391	1855632005.jpg	49
405	20220115214340201.jpg	54
416	20180810033346717.jpg	53
436	2021092821452396.jpg	59
444	20190310023310640.jpg	58
450	20200709222351241.jpg	57
461	20180810033346717.jpg	60
465	20180718033554394.jpg	61
476	20211113190339970.jpg	68
486	20210930194708344.jpg	67
497	20200830212457519.jpg	69
508	2021032422302127.jpg	66
521	20210426220118727.jpg	77
531	2019100205465871.jpg	63
551	20190822021347766.jpg	72
563	20230302212237732.jpg	70
574	20200725190251326.jpg	74
587	20201120200603682.jpg	71
588	303518.jpg	76
598	U0416714_3big.jpg	78
608	1855632005.jpg	75
148	20200109184529262.jpg	25
161	20130303164427671.jpg	26
172	248151776.jpg	28
183	20201201205001502.jpg	29
194	20200825212934420.jpg	30
204	20130406195159857.jpg	31
214	20230519201903907.jpg	32
221	20221001192504373.jpg	33
232	2022100119211163.jpg	34
247	20130303164427671.jpg	35
261	20230105173842785.jpg	37
271	20200709224838472.jpg	39
281	20210527212829914.jpg	41
292	20230614213011736.jpg	42
299	20130406195159857.jpg	38
309	2022062421314281.jpg	47
326	20191002054158954.jpg	40
336	20210221190217339.jpg	43
346	1855632005.jpg	44
347	20220815203426461.jpg	44
357	20221220112935409.jpg	48
367	20210909220122114.jpg	50
377	20230301212912552.jpg	51
392	20230125181508853.jpg	49
406	20200904215840959.jpg	54
417	20200316215938624.jpg	53
418	253_1.912.626.jpg	55
438	20121028134700777.jpg	59
447	253_1.912.626.jpg	57
457	20190804000253435.jpg	60
472	2022121418210470.jpg	68
482	20221011201844207.jpg	67
493	20230409194721127.jpg	69
503	20190916230304477.jpg	62
504	886625-M4-450PLS(1).jpg	66
516	20201103215348669.jpg	65
517	mx330-g_03.jpg	77
527	3873_4.456.313.jpg	63
539	20230328212045529.jpg	73
547	2021090221424025.jpg	72
558	20161210193116232.jpg	64
559	20220913185844276.jpg	70
571	20191019011134265.jpg	74
584	20230404210517563.jpg	71
595	20140923134911813.jpg	76
605	20180813055053442.jpg	78
616	20210221190217339.jpg	75
149	20210823201239986.jpg	25
162	20210221191533387.jpg	26
164	2022100119211163.jpg	27
174	20230519201059232.jpg	28
185	20200109184529262.jpg	29
196	20210823201239986.jpg	30
206	20190310023310640.jpg	31
216	20201201210029204.jpg	32
226	20200119204811383.jpg	33
236	20230221195302545.jpg	34
240	20221001191005189.jpg	35
251	2022102717113147.jpg	36
264	20220120190355342.jpg	37
274	20180813055053442.jpg	39
284	20200119205058849.jpg	41
302	20130303164427671.jpg	38
312	20191128193727891.jpg	47
315	20221001192504373.jpg	46
329	1855632005.jpg	43
339	20181228085916692.jpg	45
350	2020090720372384.jpg	44
360	20201115204411367.jpg	48
370	20140923134911813.jpg	50
380	20191128193727891.jpg	51
384	20221001211500616.jpg	52
395	20200313210659175.jpg	49
408	20220706214930849.jpg	54
409	U0416714_3big.jpg	53
420	20200727181416597.jpg	55
424	272_1.456.313.jpg	56
439	20190628013756505.jpg	59
448	2022100119211163.jpg	57
459	20220609194904370.jpg	60
463	2837120875.jpg	61
474	20220624190948672.jpg	68
484	20220727183008587.jpg	67
495	20210316200600705.jpg	69
506	20210527222845533.jpg	66
519	20220813205701953.jpg	77
529	20211026183702578.jpg	63
541	20220220204109743.jpg	73
549	20200302220923418.jpg	72
561	2022103120015842.jpg	70
573	20220624190948672.jpg	74
586	20220607222735712.jpg	71
597	20210312213512836.jpg	76
607	20200316215938624.jpg	78
615	20210219192433116.jpg	75
150	20220701205202379.jpg	25
154	20221001191005189.jpg	26
167	20220120190355342.jpg	27
177	20210930202024272.jpg	28
188	20180810033346717.jpg	29
199	20200926211729728.jpg	30
209	20220201220145328.jpg	31
223	20200709205650716.jpg	33
231	20220911194632119.jpg	34
245	20210909220122114.jpg	35
253	2023030118233471.jpg	36
266	20180810033346717.jpg	37
276	20220201220145328.jpg	39
287	20230301212912552.jpg	42
304	247541865.jpg	47
317	2023013119244034.jpg	46
321	171787797.jpg	40
331	20210527223141850.jpg	43
341	20200313210659175.jpg	45
352	2018012900441512.jpg	44
362	20191128193727891.jpg	48
372	20200316215938624.jpg	50
386	20220618211913565.jpg	52
397	20210219192433116.jpg	49
400	20221116213420739.jpg	54
411	20221001192504373.jpg	53
422	20211113190339970.jpg	55
426	20201216205515595.jpg	56
435	20200917194735171.jpg	59
446	20200517191424314.jpg	58
453	20180812044714879.jpg	57
454	cougar_mx330_x_images_18996440167.jpg	60
468	20211221213622148.jpg	61
479	2022070621255444.jpg	68
490	20220705195218566.jpg	69
500	2019072318295580.jpg	62
513	20200709222155902.jpg	65
524	20180813055053442.jpg	77
536	20221223205203913.jpg	73
544	20221213201446728.jpg	72
555	20200727181416597.jpg	64
566	20210128185701173.jpg	70
577	20170830191607753.jpg	74
580	20221001211500616.jpg	71
591	20200109184529262.jpg	76
601	20211030192926801.jpg	78
611	20220213174324124.jpg	75
147	20200709222351241.jpg	25
156	20220608174413558.jpg	26
169	20200119204811383.jpg	27
179	2018012900441512.jpg	28
191	2022100119211163.jpg	30
201	20230304202614463.jpg	31
211	20220728210817351.jpg	32
218	20130303164427671.jpg	32
228	20180810033346717.jpg	33
238	20220618214012600.jpg	34
242	20230405195729412.jpg	35
255	2021090220474335.jpg	36
258	2343954.jpg	37
268	20221001191005189.jpg	39
278	20221001192504373.jpg	41
289	20230306213109802.jpg	42
296	20220815203426461.jpg	38
306	20221220112935409.jpg	47
319	20191128193727891.jpg	46
323	20230519201059232.jpg	40
333	2019100205465871.jpg	43
343	20171130053735822.jpg	45
354	247541865.jpg	48
364	20190916032210670.jpg	50
374	20221001192504373.jpg	51
388	20230127203439111.jpg	52
402	20211111212231173.jpg	54
413	20221031195321531.jpg	53
428	20211218185343343.jpg	56
432	20210519222158536.jpg	59
442	20200709222155902.jpg	58
456	20190916032210670.jpg	60
471	2023013119244034.jpg	68
481	20221001192504373.jpg	67
492	20220618211913565.jpg	69
502	2021032422302127.jpg	62
515	20171130053735822.jpg	65
526	20180812022621522.jpg	77
538	20230221211056918.jpg	73
546	2022102920374784.jpg	72
557	20171130053735822.jpg	64
568	20180810033732572.jpg	70
570	20221209194918748.jpg	74
583	20230129202919367.jpg	71
594	2021032422172686.jpg	76
604	20211113190339970.jpg	78
614	20220630194355581.jpg	75
152	20210205214819551.jpg	25
159	2022060917574428.jpg	26
170	2018012900441512.jpg	27
180	20220201220145328.jpg	28
181	281982758.jpg	29
192	20230304202614463.jpg	30
202	20210617192409619.jpg	31
212	2022100119211163.jpg	32
219	20200108205916416.jpg	32
229	20220706190529856.jpg	33
233	2022121418210470.jpg	34
246	20140923134911813.jpg	35
256	20200830212457519.jpg	36
259	20220911190937429.jpg	37
269	20230105173842785.jpg	39
279	20220618211913565.jpg	41
290	20230510213038622.jpg	42
297	2022100119211163.jpg	38
307	20200825212934420.jpg	47
320	2022070621255444.jpg	46
324	20200825223051965.jpg	40
334	20200915220957439.jpg	43
344	20160521062922407.jpg	45
355	2022100119211163.jpg	48
365	20201115204411367.jpg	50
375	20221027190624648.jpg	51
389	2022062421314281.jpg	52
404	20220707195313411.jpg	54
415	2022062420341934.jpg	53
430	20180813020520273.jpg	56
431	111111111.jpg	59
441	20210708223240445.jpg	58
455	20220921194110806.jpg	60
469	20210324223017328.jpg	61
470	392961.jpg	68
480	248151776.jpg	67
491	2022100119211163.jpg	69
501	2019100205465871.jpg	62
514	20170731023614463.jpg	65
525	20180810033346717.jpg	77
537	20230113195220451.jpg	73
545	20221001204145262.jpg	72
556	2019100205465871.jpg	64
567	20180813055053442.jpg	70
578	20121028134700777.jpg	74
581	20221001192504373.jpg	71
592	20210929220840958.jpg	76
602	20210527213815220.jpg	78
612	20220207215135850.jpg	75
151	20210219192433116.jpg	25
160	20160521062922407.jpg	26
171	20220618214012600.jpg	27
182	20221001192504373.jpg	29
193	20230519201059232.jpg	30
203	20210527195245184.jpg	31
213	20230308211054488.jpg	32
220	281982758.jpg	33
234	20221215214143405.jpg	34
248	20210529221059339.jpg	35
249	korpus-msi-mag-shield-110a-bez-bp-800x641-4ee7.jpg	36
262	20230405172631594.jpg	37
272	20210609202616234.jpg	39
282	20201009211729960.jpg	41
293	2022100119211163.jpg	42
300	2020090720372384.jpg	38
310	20210928213605637.jpg	47
313	392961.jpg	46
327	2018012900441512.jpg	40
337	249046090.jpg	45
348	2022100119211163.jpg	44
358	20230413164225658.jpg	48
368	2021120221110062.jpg	50
378	20230413164225658.jpg	51
382	195535068.jpg	52
393	20220608171027319.jpg	49
407	20190822021347766.jpg	54
419	20210327214224949.jpg	55
433	20210527213815220.jpg	59
443	2016112411130219.jpg	58
449	20210708223240445.jpg	57
460	20190220090938995.jpg	60
464	20220819184654220.jpg	61
475	20210909220122114.jpg	68
485	20210608213852703.jpg	67
496	2021090220474335.jpg	69
507	2020062121082132.jpg	66
520	2022100119211163.jpg	77
530	20190801014632529.jpg	63
542	20210220212532468.jpg	73
550	20210420204655504.jpg	72
569	45816423.jpg	74
582	20230117182805795.jpg	71
593	20220609194904370.jpg	76
603	2021092821452396.jpg	78
613	20210823201239986.jpg	75
\.


--
-- Data for Name: products; Type: TABLE DATA; Schema: public; Owner: postgres
--

COPY public.products (id, price, caption, description, created_at, updated_at, category_id) FROM stdin;
13	458	Геймерский ПК Solaris-I	Для геймеров	2024-03-14 22:53:04.458944	2024-03-14 22:53:04.458944	1
14	311	Геймерский ПК Solaris-S	Для геймеров	2024-03-14 22:53:04.45994	2024-03-14 22:53:04.45994	1
15	429	Геймерский ПК Solaris-L	Для геймеров	2024-03-14 22:53:04.46077	2024-03-14 22:53:04.46077	1
16	612	Геймерский ПК Solaris-14	Для геймеров	2024-03-14 22:53:04.467395	2024-03-14 22:53:04.467395	1
17	631	Геймерский ПК Solaris-Z	Для геймеров	2024-03-14 22:53:04.470242	2024-03-14 22:53:04.470242	1
18	639	Геймерский ПК Solaris-1E	Для геймеров	2024-03-14 22:53:04.471425	2024-03-14 22:53:04.471425	1
19	640	Геймерский ПК Solaris-X	Для геймеров	2024-03-14 22:53:04.471911	2024-03-14 22:53:04.471911	1
20	689	Геймерский ПК Solaris-1D	Для геймеров	2024-03-14 22:53:04.473272	2024-03-14 22:53:04.473272	1
21	713	Геймерский ПК Solaris-11	Для геймеров	2024-03-14 22:53:04.473807	2024-03-14 22:53:04.473807	1
22	736	Геймерский ПК Solaris-1K	Для геймеров	2024-03-14 22:53:04.474241	2024-03-14 22:53:04.474241	1
23	759	Геймерский ПК Solaris-U	Для геймеров	2024-03-14 22:53:04.475363	2024-03-14 22:53:04.475363	1
24	765	Геймерский ПК Solaris-P	Для геймеров	2024-03-14 22:53:04.475778	2024-03-14 22:53:04.475778	1
25	780	Геймерский ПК Solaris-1A	Для геймеров	2024-03-14 22:53:04.476688	2024-03-14 22:53:04.476688	1
26	791	Геймерский ПК Solaris-Y	Для геймеров	2024-03-14 22:53:04.477306	2024-03-14 22:53:04.477306	1
27	796	Геймерский ПК Solaris-B	Для геймеров	2024-03-14 22:53:04.478341	2024-03-14 22:53:04.478341	1
28	810	Геймерский ПК Solaris-1I	Для геймеров	2024-03-14 22:53:04.478775	2024-03-14 22:53:04.478775	1
29	844	Геймерский ПК Solaris-13	Для геймеров	2024-03-14 22:53:04.479603	2024-03-14 22:53:04.479603	1
30	853	Геймерский ПК Solaris-F	Для геймеров	2024-03-14 22:53:04.480107	2024-03-14 22:53:04.480107	1
31	854	Геймерский ПК Solaris-1H	Для геймеров	2024-03-14 22:53:04.480663	2024-03-14 22:53:04.480663	1
32	960	Геймерский ПК Solaris-12	Для геймеров	2024-03-14 22:53:04.481085	2024-03-14 22:53:04.481085	1
33	1027	Геймерский ПК Solaris-V	Для геймеров	2024-03-14 22:53:04.484159	2024-03-14 22:53:04.484159	1
34	1031	Геймерский ПК Solaris-E	Для геймеров	2024-03-14 22:53:04.484622	2024-03-14 22:53:04.484622	1
35	1100	Геймерский ПК Solaris-M	Для геймеров	2024-03-14 22:53:04.485683	2024-03-14 22:53:04.485683	1
36	1136	Геймерский ПК Solaris-1J	Для геймеров	2024-03-14 22:53:04.487251	2024-03-14 22:53:04.487251	1
37	1141	Геймерский ПК Solaris-17	Для геймеров	2024-03-14 22:53:04.487539	2024-03-14 22:53:04.487539	1
39	1201	Геймерский ПК Solaris-N	Для геймеров	2024-03-14 22:53:04.488269	2024-03-14 22:53:04.488269	1
41	1239	Геймерский ПК Solaris-1C	Для геймеров	2024-03-14 22:53:04.488547	2024-03-14 22:53:04.488547	1
38	514	Геймерский ПК Solaris-O	Для геймеров	2024-03-14 22:53:04.485342	2024-03-14 22:53:04.485342	1
42	1297	Геймерский ПК Solaris-10	Для геймеров	2024-03-14 22:53:04.489002	2024-03-14 22:53:04.489002	1
40	459	Геймерский ПК Solaris-K	Для геймеров	2024-03-14 22:53:04.485947	2024-03-14 22:53:04.485947	1
43	471	Геймерский ПК Solaris-C	Для геймеров	2024-03-14 22:53:04.486447	2024-03-14 22:53:04.486447	1
46	1337	Геймерский ПК Solaris-1B	Для геймеров	2024-03-14 22:53:04.489678	2024-03-14 22:53:04.489678	1
44	546	Геймерский ПК Solaris-J	Для геймеров	2024-03-14 22:53:04.486169	2024-03-14 22:53:04.486169	1
47	1356	Геймерский ПК Solaris-16	Для геймеров	2024-03-14 22:53:04.490043	2024-03-14 22:53:04.490043	1
45	606	Геймерский ПК Solaris-T	Для геймеров	2024-03-14 22:53:04.486992	2024-03-14 22:53:04.486992	1
48	1378	Геймерский ПК Solaris-W	Для геймеров	2024-03-14 22:53:04.490455	2024-03-14 22:53:04.490455	1
50	1475	Геймерский ПК Solaris-R	Для геймеров	2024-03-14 22:53:04.49096	2024-03-14 22:53:04.49096	1
51	1531	Геймерский ПК Solaris-18	Для геймеров	2024-03-14 22:53:04.491271	2024-03-14 22:53:04.491271	1
49	589	Геймерский ПК Solaris-Q	Для геймеров	2024-03-14 22:53:04.487892	2024-03-14 22:53:04.487892	1
52	1849	Геймерский ПК Solaris-A	Для геймеров	2024-03-14 22:53:04.491567	2024-03-14 22:53:04.491567	1
53	2303	Геймерский ПК Solaris-G	Для геймеров	2024-03-14 22:53:04.491834	2024-03-14 22:53:04.491834	1
54	3055	Геймерский ПК Solaris-1G	Для геймеров	2024-03-14 22:53:04.49234	2024-03-14 22:53:04.49234	1
55	262	ПК для программистов Solaris-B	Для программистов	2024-03-14 22:53:04.492865	2024-03-14 22:53:04.492865	1
56	357	ПК для программистов Solaris-C	Для программистов	2024-03-14 22:53:04.493192	2024-03-14 22:53:04.493192	1
57	388	ПК для программистов Solaris-D	Для программистов	2024-03-14 22:53:04.493475	2024-03-14 22:53:04.493475	1
58	394	ПК для программистов Solaris-I	Для программистов	2024-03-14 22:53:04.493791	2024-03-14 22:53:04.493791	1
59	779	ПК для программистов Solaris-G	Для программистов	2024-03-14 22:53:04.49407	2024-03-14 22:53:04.49407	1
60	998	ПК для программистов Solaris-H	Для программистов	2024-03-14 22:53:04.494335	2024-03-14 22:53:04.494335	1
61	141	Офисный ПК Solaris-G	Для офиса	2024-03-14 22:53:04.494742	2024-03-14 22:53:04.494742	1
65	267	Офисный ПК Solaris-I	Для офиса	2024-03-14 22:53:04.496066	2024-03-14 22:53:04.496066	1
62	197	Офисный ПК Solaris-F	Для офиса	2024-03-14 22:53:04.495359	2024-03-14 22:53:04.495359	1
67	756	ПК для стрима Solaris-J	Для стрима	2024-03-14 22:53:04.496471	2024-03-14 22:53:04.496471	1
68	867	ПК для стрима Solaris-I	Для стрима	2024-03-14 22:53:04.496726	2024-03-14 22:53:04.496726	1
69	966	ПК для стрима Solaris-D	Для стрима	2024-03-14 22:53:04.496936	2024-03-14 22:53:04.496936	1
66	283	Офисный ПК Solaris-A	Для офиса	2024-03-14 22:53:04.496268	2024-03-14 22:53:04.496268	1
63	218	Офисный ПК Solaris-H	Для офиса	2024-03-14 22:53:04.49565	2024-03-14 22:53:04.49565	1
72	2215	ПК для стрима Solaris-A	Для стрима	2024-03-14 22:53:04.498507	2024-03-14 22:53:04.498507	1
74	747	ПК для дизайнеров Solaris-A	Для дизайнеров	2024-03-14 22:53:04.499001	2024-03-14 22:53:04.499001	1
76	1017	ПК для дизайнеров Solaris-E	Для дизайнеров	2024-03-14 22:53:04.499392	2024-03-14 22:53:04.499392	1
64	239	Офисный ПК Solaris-E	Для офиса	2024-03-14 22:53:04.495863	2024-03-14 22:53:04.495863	1
77	1047	ПК для дизайнеров Solaris-C	Для дизайнеров	2024-03-14 22:53:04.499633	2024-03-14 22:53:04.499633	1
70	1846	ПК для стрима Solaris-B	Для стрима	2024-03-14 22:53:04.497939	2024-03-14 22:53:04.497939	1
71	1926	ПК для стрима Solaris-C	Для стрима	2024-03-14 22:53:04.498207	2024-03-14 22:53:04.498207	1
78	1146	ПК для дизайнеров Solaris-B	Для дизайнеров	2024-03-14 22:53:04.501781	2024-03-14 22:53:04.501781	1
75	611	Геймерский ПК Solaris-19	Для геймеров	2024-03-14 22:53:04.495168	2024-03-14 22:53:04.495168	1
73	4901	ПК для стрима Solaris-E	Для стримма	2024-03-14 22:53:04.498769	2024-03-14 22:53:04.498769	1
\.


--
-- Data for Name: products_leads; Type: TABLE DATA; Schema: public; Owner: postgres
--

COPY public.products_leads (products_id, leads_id) FROM stdin;
21	2
42	2
22	3
\.


--
-- Data for Name: products_upsales; Type: TABLE DATA; Schema: public; Owner: postgres
--

COPY public.products_upsales (products_id, upsales_id) FROM stdin;
42	2
42	3
\.


--
-- Data for Name: related_products; Type: TABLE DATA; Schema: public; Owner: postgres
--

COPY public.related_products (product_id, related_product_id) FROM stdin;
69	31
53	25
20	13
53	15
58	51
41	20
23	31
25	78
33	18
19	24
22	30
29	49
55	38
71	46
17	57
72	34
14	43
24	33
74	28
65	72
38	17
66	34
48	68
35	43
62	15
39	20
72	69
70	26
75	17
64	24
36	17
58	30
19	44
70	75
14	78
46	72
35	41
72	48
56	46
53	20
24	36
71	51
35	30
76	37
47	53
57	35
14	24
58	72
56	49
64	57
19	47
42	52
65	57
69	26
73	54
50	78
39	16
61	71
28	72
61	19
76	33
38	48
75	14
50	43
24	35
21	32
44	24
16	50
37	60
31	71
34	27
47	60
29	28
71	57
71	42
56	61
32	74
71	26
28	15
28	68
70	40
69	76
39	69
45	25
45	23
76	15
60	44
50	13
63	37
23	65
48	16
74	17
41	15
28	53
18	38
73	18
62	22
37	45
72	27
72	47
64	47
53	40
33	14
75	62
69	56
43	51
68	64
33	25
35	49
76	59
65	45
34	32
69	68
21	77
21	72
21	74
53	41
42	13
28	26
41	23
13	70
48	23
66	75
60	33
59	28
44	26
73	25
23	52
22	17
32	18
51	37
29	72
63	16
18	67
58	35
61	76
75	58
27	13
61	31
53	60
17	54
70	71
62	17
38	32
24	50
77	23
25	54
34	69
66	21
48	19
78	62
67	59
52	63
28	56
41	67
54	67
21	33
33	51
62	42
19	22
64	67
29	16
23	29
20	51
61	63
48	36
50	39
68	30
71	15
67	23
25	59
70	33
44	27
71	49
25	61
71	78
33	39
39	49
33	20
61	39
52	68
52	74
24	20
65	17
33	30
29	47
71	33
16	20
22	68
35	77
51	26
25	71
23	39
13	48
60	66
37	40
49	37
27	64
46	52
36	33
52	25
27	50
15	71
68	48
46	71
74	78
55	62
21	20
62	63
78	32
76	69
63	22
49	38
77	41
65	14
25	17
59	19
76	13
24	44
49	16
53	62
71	64
49	25
17	59
20	74
35	50
35	15
20	16
50	32
19	61
76	23
21	73
60	27
78	33
31	15
22	60
49	68
43	61
72	26
69	23
25	53
41	21
13	54
54	68
13	69
52	15
24	38
14	67
27	51
32	49
40	19
32	40
54	33
57	70
38	44
25	47
59	63
43	41
30	66
61	45
45	41
57	76
30	77
78	15
53	47
41	33
13	39
31	64
62	54
61	18
43	52
42	48
62	52
72	13
71	58
32	76
28	57
53	59
64	55
29	78
76	24
15	56
70	51
38	77
36	50
67	36
23	66
21	48
55	69
26	63
71	70
42	67
55	19
32	73
45	26
57	24
22	33
60	76
55	56
70	49
78	42
66	73
19	49
18	36
55	16
29	39
18	40
52	78
41	45
29	34
60	63
78	70
55	17
64	18
52	62
61	54
56	29
32	63
56	15
46	39
33	60
54	49
18	29
41	40
59	73
22	77
13	30
23	41
74	66
28	73
17	46
72	15
62	43
71	66
70	76
50	24
17	78
32	78
17	64
24	73
44	70
25	70
26	67
73	49
53	55
46	70
27	63
75	66
63	74
22	61
32	55
75	26
27	35
21	47
33	45
77	55
62	59
63	28
49	45
61	66
14	74
38	64
69	61
29	52
20	31
52	17
55	77
27	75
48	27
41	54
14	76
17	62
46	27
24	71
30	28
15	34
48	31
42	76
15	66
19	62
37	68
76	29
21	54
33	17
36	64
56	55
61	70
69	62
36	58
32	37
38	62
46	75
36	72
33	37
18	17
38	37
66	78
74	49
71	35
73	65
69	73
61	33
33	36
64	34
75	16
33	65
78	55
28	20
21	50
66	74
70	53
17	69
62	68
72	56
60	28
66	17
53	21
59	31
17	52
14	23
51	43
49	47
76	65
17	18
45	60
55	61
76	50
60	16
47	63
73	38
13	25
41	62
69	22
15	72
74	45
63	77
14	15
62	29
55	15
13	38
66	32
41	42
15	69
71	67
52	13
78	35
17	25
75	48
44	73
41	37
23	21
23	16
23	18
70	68
20	49
71	13
15	65
58	31
40	22
14	77
19	70
28	65
76	55
39	14
70	25
32	44
23	30
57	46
62	76
67	77
26	62
27	43
47	45
18	41
49	65
77	69
17	19
21	26
29	30
45	67
18	55
38	40
78	73
34	31
46	50
22	28
57	42
67	35
48	63
37	43
19	36
23	15
70	30
34	67
39	55
34	37
77	24
32	21
56	14
77	60
\.


--
-- Data for Name: sessions; Type: TABLE DATA; Schema: public; Owner: postgres
--

COPY public.sessions (id, sid, state, first_ip, last_ip, created_at, updated_at, user_id) FROM stdin;
3	7e2a43de-f70b-4d1c-9e5e-1b7a9e9b7b72	logged	127.0.0.1	127.0.0.1	2024-03-13 19:42:37.474136	2024-03-13 19:42:37.474136	3
\.


--
-- Data for Name: upsales; Type: TABLE DATA; Schema: public; Owner: postgres
--

COPY public.upsales (id, created_at, customer_id, advisor_id) FROM stdin;
2	2024-03-13 19:42:37.474136	3	4
3	2024-03-26 02:16:57.968802	3	4
\.


--
-- Data for Name: users; Type: TABLE DATA; Schema: public; Owner: postgres
--

COPY public.users (id, password, phone, email, role, first_name, second_name, created_at, updated_at) FROM stdin;
3	1b7a9e9b7b72	0661234567	vasya.pupkin@gmail.com	customer	vasya	pupkin	2024-03-13 19:31:24.471827	2024-03-13 19:31:24.471827
4	qwerty123	0555555555	qwerty@uiop.gmail.com	advisor	prodavec	prodavcov	2024-03-13 19:34:40.889585	2024-03-13 19:34:40.889585
8	Integer	(021)113-71-23	noelanihaney9623@icloud.ca	customer	Noelani	Haney	2024-04-04 07:51:00.846871	2024-04-04 07:51:00.846871
9	nec	(085)381-84-64	t_sacha@google.com	customer	Sacha	Thomas	2024-04-04 07:51:00.846871	2024-04-04 07:51:00.846871
10	egestas.	(014)112-81-37	e.wiley7920@icloud.com	customer	Elliott	Wiley	2024-04-04 07:51:00.846871	2024-04-04 07:51:00.846871
11	pharetra	(004)743-71-34	ballard.lacy9674@yahoo.couk	customer	Lacy	Ballard	2024-04-04 07:51:00.846871	2024-04-04 07:51:00.846871
12	arcu	(023)079-64-43	csolomon1397@aol.net	customer	Solomon	Collins	2024-04-04 07:51:00.846871	2024-04-04 07:51:00.846871
13	ornare.	(025)645-15-80	b.basia6348@icloud.com	customer	Basia	Buckley	2024-04-04 07:56:40.849546	2024-04-04 07:56:40.849546
14	Suspendisse	(043)787-76-57	djorden@icloud.net	customer	Jorden	Doyle	2024-04-04 07:56:40.849546	2024-04-04 07:56:40.849546
15	felis	(081)995-75-32	t.fitzpatrick@yahoo.com	customer	Timothy	Fitzpatrick	2024-04-04 07:56:40.849546	2024-04-04 07:56:40.849546
16	lectus	(032)056-39-12	mufutau-dejesus@hotmail.ca	customer	Mufutau	Dejesus	2024-04-04 07:56:40.849546	2024-04-04 07:56:40.849546
17	dictum	(032)417-51-93	chapman-chaney@protonmail.ca	customer	Chaney	Chapman	2024-04-04 07:56:40.849546	2024-04-04 07:56:40.849546
18	a	(082)765-83-67	l.cathleen7727@aol.net	customer	Cathleen	Leonard	2024-04-04 07:56:40.849546	2024-04-04 07:56:40.849546
19	felis.	(003)196-46-46	n-talley@hotmail.edu	customer	Noel	Talley	2024-04-04 07:56:40.849546	2024-04-04 07:56:40.849546
20	accumsan	(072)694-92-27	kramer_louis@protonmail.org	customer	Louis	Kramer	2024-04-04 07:56:40.849546	2024-04-04 07:56:40.849546
21	neque	(028)384-66-93	quamarkemp9520@aol.com	customer	Quamar	Kemp	2024-04-04 07:56:40.849546	2024-04-04 07:56:40.849546
22	Vivamus	(087)766-52-11	cholder@google.org	customer	Ciara	Holder	2024-04-04 07:56:40.849546	2024-04-04 07:56:40.849546
23	nunc	(079)996-71-63	flynnmarshall4222@aol.org	customer	Marshall	Flynn	2024-04-04 07:56:40.849546	2024-04-04 07:56:40.849546
24	Donec	(048)377-40-78	s-burke@google.ca	customer	Burke	Strong	2024-04-04 07:56:40.849546	2024-04-04 07:56:40.849546
25	et	(026)567-50-81	zia.giles1835@yahoo.net	customer	Zia	Giles	2024-04-04 07:56:40.849546	2024-04-04 07:56:40.849546
26	ac	(038)105-94-24	c_cassidy3628@yahoo.org	customer	Cassidy	Contreras	2024-04-04 07:56:40.849546	2024-04-04 07:56:40.849546
27	tellus,	(052)444-38-84	j_stout7604@protonmail.couk	customer	Jamal	Stout	2024-04-04 07:56:40.849546	2024-04-04 07:56:40.849546
28	imperdiet	(028)388-63-87	house_bernard@protonmail.org	customer	Bernard	House	2024-04-04 07:56:40.849546	2024-04-04 07:56:40.849546
29	dis	(044)067-17-27	pjack@google.ca	customer	Jack	Perry	2024-04-04 07:56:40.849546	2024-04-04 07:56:40.849546
30	dis	(024)892-27-14	m-inga9515@hotmail.edu	customer	Inga	Mcfadden	2024-04-04 07:56:40.849546	2024-04-04 07:56:40.849546
31	vestibulum	(083)366-45-23	d-russo840@protonmail.ca	customer	Dolan	Russo	2024-04-04 07:56:40.849546	2024-04-04 07:56:40.849546
32	parturient	(023)511-80-54	k.carney9066@yahoo.couk	customer	Keely	Carney	2024-04-04 07:56:40.849546	2024-04-04 07:56:40.849546
33	interdum.	(042)387-22-54	hurleymatthew6204@hotmail.net	customer	Matthew	Hurley	2024-04-04 07:56:40.849546	2024-04-04 07:56:40.849546
34	sit	(089)344-75-22	weber.joel@yahoo.org	customer	Joel	Weber	2024-04-04 07:56:40.849546	2024-04-04 07:56:40.849546
35	dapibus	(058)056-88-61	h.alden@yahoo.org	customer	Alden	Hicks	2024-04-04 07:56:40.849546	2024-04-04 07:56:40.849546
36	lorem	(051)431-42-14	germanewinters9590@yahoo.edu	customer	Germane	Winters	2024-04-04 07:56:40.849546	2024-04-04 07:56:40.849546
37	at	(076)876-21-12	daniellemejia4677@icloud.couk	customer	Danielle	Mejia	2024-04-04 07:56:40.849546	2024-04-04 07:56:40.849546
38	ornare,	(019)168-05-35	csutton@outlook.couk	customer	Channing	Sutton	2024-04-04 07:56:40.849546	2024-04-04 07:56:40.849546
39	Donec	(002)787-97-18	o_aguirre@protonmail.org	customer	Octavius	Aguirre	2024-04-04 07:56:40.849546	2024-04-04 07:56:40.849546
40	a	(069)701-01-22	g-morrison2997@aol.com	customer	Gemma	Morrison	2024-04-04 07:56:40.849546	2024-04-04 07:56:40.849546
41	nisi	(043)346-50-86	bradley.blake@yahoo.ca	customer	Bradley	Blake	2024-04-04 07:56:40.849546	2024-04-04 07:56:40.849546
42	dapibus	(074)104-87-74	l.lambert@yahoo.org	customer	Leonard	Lambert	2024-04-04 07:56:40.849546	2024-04-04 07:56:40.849546
43	adipiscing	(024)422-18-76	francis.aaron@aol.net	customer	Aaron	Francis	2024-04-04 07:56:40.849546	2024-04-04 07:56:40.849546
44	adipiscing	(020)362-24-48	p-cross@google.com	customer	Phyllis	Cross	2024-04-04 07:56:40.849546	2024-04-04 07:56:40.849546
45	malesuada	(048)870-26-74	clark.william9981@google.ca	customer	Clark	William	2024-04-04 07:56:40.849546	2024-04-04 07:56:40.849546
46	Quisque	(020)055-48-19	l-holden2335@hotmail.edu	customer	Leilani	Holden	2024-04-04 07:56:40.849546	2024-04-04 07:56:40.849546
47	auctor	(022)546-48-51	ruthwynn6633@aol.couk	customer	Ruth	Wynn	2024-04-04 07:56:40.849546	2024-04-04 07:56:40.849546
48	nisl	(080)524-66-31	poole.cassady1954@google.org	customer	Cassady	Poole	2024-04-04 07:56:40.849546	2024-04-04 07:56:40.849546
49	nisi	(065)793-41-11	drew.hunter6615@aol.com	customer	Drew	Hunter	2024-04-04 07:56:40.849546	2024-04-04 07:56:40.849546
50	euismod	(085)645-79-65	teagan-richardson@protonmail.couk	customer	Teagan	Richardson	2024-04-04 07:56:40.849546	2024-04-04 07:56:40.849546
51	velit	(026)159-55-41	k-lloyd@aol.ca	customer	Kermit	Lloyd	2024-04-04 07:56:40.849546	2024-04-04 07:56:40.849546
52	ipsum	(017)057-40-57	o-lareina8219@protonmail.ca	customer	Lareina	Osborne	2024-04-04 07:56:40.849546	2024-04-04 07:56:40.849546
53	Etiam	(014)155-48-34	m_nixon@hotmail.edu	customer	Maile	Nixon	2024-04-04 07:56:40.849546	2024-04-04 07:56:40.849546
54	Phasellus	(075)339-24-84	d.fowler@yahoo.ca	customer	Desiree	Fowler	2024-04-04 07:56:40.849546	2024-04-04 07:56:40.849546
55	velit	(086)496-72-84	rsybil1278@icloud.edu	customer	Sybil	Robertson	2024-04-04 07:56:40.849546	2024-04-04 07:56:40.849546
56	sem	(022)270-88-32	moreno-jamal@yahoo.net	customer	Jamal	Moreno	2024-04-04 07:56:40.849546	2024-04-04 07:56:40.849546
57	Nullam	(047)710-74-32	schneider_ferris@google.com	customer	Ferris	Schneider	2024-04-04 07:56:40.849546	2024-04-04 07:56:40.849546
58	dui	(008)632-26-17	g.yuli318@aol.net	customer	Yuli	Glover	2024-04-04 07:56:40.849546	2024-04-04 07:56:40.849546
59	augue	(089)529-57-18	dyer.maile807@outlook.couk	customer	Maile	Dyer	2024-04-04 07:56:40.849546	2024-04-04 07:56:40.849546
60	arcu.	(065)823-02-86	b.philip@hotmail.com	customer	Philip	Best	2024-04-04 07:56:40.849546	2024-04-04 07:56:40.849546
61	malesuada	(094)368-51-67	ilianapatton5110@protonmail.couk	customer	Iliana	Patton	2024-04-04 07:56:40.849546	2024-04-04 07:56:40.849546
62	Etiam	(040)524-04-13	mcfarland.marsden4263@google.net	customer	Marsden	Mcfarland	2024-04-04 07:56:40.849546	2024-04-04 07:56:40.849546
63	pede,	(038)963-48-46	h_chaney2320@yahoo.edu	customer	Chaney	Holcomb	2024-04-04 07:56:40.849546	2024-04-04 07:56:40.849546
64	adipiscing,	(042)512-36-38	stein_lucas327@google.edu	customer	Lucas	Stein	2024-04-04 07:56:40.849546	2024-04-04 07:56:40.849546
65	vitae	(032)473-71-97	mcfarland.portia9551@outlook.couk	customer	Portia	Mcfarland	2024-04-04 07:56:40.849546	2024-04-04 07:56:40.849546
66	magna.	(045)358-43-76	k_newton1112@outlook.couk	customer	Kitra	Newton	2024-04-04 07:56:40.849546	2024-04-04 07:56:40.849546
67	amet,	(093)221-41-63	gentry-branden2317@outlook.net	customer	Branden	Gentry	2024-04-04 07:56:40.849546	2024-04-04 07:56:40.849546
68	dolor	(013)273-23-14	summers.kaseem1770@google.ca	customer	Kaseem	Summers	2024-04-04 07:56:40.849546	2024-04-04 07:56:40.849546
69	non,	(088)138-36-38	k-macdonald5683@google.couk	customer	Kaitlin	Macdonald	2024-04-04 07:56:40.849546	2024-04-04 07:56:40.849546
70	vitae,	(015)847-36-02	l-moran@yahoo.ca	customer	Luke	Moran	2024-04-04 07:56:40.849546	2024-04-04 07:56:40.849546
71	Mauris	(057)531-02-15	hcyrus@google.org	customer	Cyrus	Higgins	2024-04-04 07:56:40.849546	2024-04-04 07:56:40.849546
72	luctus	(072)446-18-24	j.kemp@icloud.org	customer	Jacqueline	Kemp	2024-04-04 07:56:40.849546	2024-04-04 07:56:40.849546
73	orci	(056)166-43-73	d-lawrence173@icloud.ca	customer	Dorothy	Lawrence	2024-04-04 07:56:40.849546	2024-04-04 07:56:40.849546
74	feugiat.	(046)877-55-52	perkins_chester@yahoo.org	customer	Chester	Perkins	2024-04-04 07:56:40.849546	2024-04-04 07:56:40.849546
75	dictum	(052)474-34-74	g.steven@icloud.couk	customer	Steven	Goodman	2024-04-04 07:56:40.849546	2024-04-04 07:56:40.849546
76	est	(002)235-82-56	nelson_elizabeth@hotmail.couk	customer	Elizabeth	Nelson	2024-04-04 07:56:40.849546	2024-04-04 07:56:40.849546
77	nec	(028)148-23-16	jmorgan@outlook.edu	customer	Jamalia	Morgan	2024-04-04 07:56:40.849546	2024-04-04 07:56:40.849546
78	et,	(049)315-27-55	gonzalez-maggy8259@google.net	customer	Maggy	Gonzalez	2024-04-04 07:56:40.849546	2024-04-04 07:56:40.849546
79	non	(010)685-48-54	s_collier@hotmail.net	customer	Solomon	Collier	2024-04-04 07:56:40.849546	2024-04-04 07:56:40.849546
80	scelerisque	(011)418-66-54	rajahwade3481@aol.net	customer	Rajah	Wade	2024-04-04 07:56:40.849546	2024-04-04 07:56:40.849546
81	sapien.	(070)459-18-39	j-bennett@hotmail.org	customer	Jelani	Bennett	2024-04-04 07:56:40.849546	2024-04-04 07:56:40.849546
82	tempus	(007)140-65-82	r-brenden@hotmail.edu	customer	Brenden	Rowe	2024-04-04 07:56:40.849546	2024-04-04 07:56:40.849546
83	nunc.	(096)481-69-52	s-carter5998@protonmail.com	customer	Silas	Carter	2024-04-04 07:56:40.849546	2024-04-04 07:56:40.849546
84	gravida	(079)682-42-97	e-moses@aol.org	customer	Elvis	Moses	2024-04-04 07:56:40.849546	2024-04-04 07:56:40.849546
85	sagittis.	(033)290-14-27	day_ignatius4050@icloud.couk	customer	Ignatius	Day	2024-04-04 07:56:40.849546	2024-04-04 07:56:40.849546
86	pellentesque,	(067)843-13-40	thornton.wilma@hotmail.org	customer	Wilma	Thornton	2024-04-04 07:56:40.849546	2024-04-04 07:56:40.849546
87	mauris	(047)618-45-11	stokesinez6178@outlook.net	customer	Inez	Stokes	2024-04-04 07:56:40.849546	2024-04-04 07:56:40.849546
88	et,	(092)686-45-44	mabigail@protonmail.ca	customer	Abigail	Mayer	2024-04-04 07:56:40.849546	2024-04-04 07:56:40.849546
89	Duis	(069)175-27-81	r_mccoy@protonmail.couk	customer	Ronan	Mccoy	2024-04-04 07:56:40.849546	2024-04-04 07:56:40.849546
90	cursus	(090)634-74-15	higgins.ishmael@icloud.org	customer	Ishmael	Higgins	2024-04-04 07:56:40.849546	2024-04-04 07:56:40.849546
91	mus.	(064)888-15-49	schneider-bradley9854@outlook.com	customer	Bradley	Schneider	2024-04-04 07:56:40.849546	2024-04-04 07:56:40.849546
92	mi.	(084)425-51-77	g.bo@aol.ca	customer	Bo	Gilmore	2024-04-04 07:56:40.849546	2024-04-04 07:56:40.849546
93	dapibus	(063)182-36-11	lmurphy@aol.edu	customer	Lael	Murphy	2024-04-04 07:56:40.849546	2024-04-04 07:56:40.849546
94	diam.	(034)631-52-56	kkane7404@aol.ca	customer	Kristen	Kane	2024-04-04 07:56:40.849546	2024-04-04 07:56:40.849546
95	eu	(007)733-59-88	knappvera3460@icloud.ca	customer	Vera	Knapp	2024-04-04 07:56:40.849546	2024-04-04 07:56:40.849546
96	sollicitudin	(095)076-71-08	d_aline@aol.edu	customer	Aline	Donovan	2024-04-04 07:56:40.849546	2024-04-04 07:56:40.849546
97	luctus,	(057)591-54-71	cody_munoz6191@hotmail.org	customer	Cody	Munoz	2024-04-04 07:56:40.849546	2024-04-04 07:56:40.849546
98	amet	(047)676-13-67	v.estrada5543@aol.org	customer	Veronica	Estrada	2024-04-04 07:56:40.849546	2024-04-04 07:56:40.849546
99	a	(005)822-27-36	hood.heidi@google.couk	customer	Heidi	Hood	2024-04-04 07:56:40.849546	2024-04-04 07:56:40.849546
100	mauris	(015)594-44-62	cooper_hannah@outlook.ca	customer	Hannah	Cooper	2024-04-04 07:56:40.849546	2024-04-04 07:56:40.849546
101	Phasellus	(013)321-78-74	f.blevins4379@aol.net	customer	Ferdinand	Blevins	2024-04-04 07:56:40.849546	2024-04-04 07:56:40.849546
102	luctus	(077)656-11-85	house.neil@hotmail.ca	customer	Neil	House	2024-04-04 07:56:40.849546	2024-04-04 07:56:40.849546
103	congue.	(088)278-43-61	a-burnett3156@icloud.edu	customer	Aquila	Burnett	2024-04-04 07:56:40.849546	2024-04-04 07:56:40.849546
104	vel,	(030)432-75-50	g-kasimir@protonmail.net	customer	Kasimir	Grimes	2024-04-04 07:56:40.849546	2024-04-04 07:56:40.849546
105	et,	(057)047-58-48	greene-keefe2264@google.com	customer	Keefe	Greene	2024-04-04 07:56:40.849546	2024-04-04 07:56:40.849546
106	interdum	(043)795-44-76	rmcclure@icloud.net	customer	Randall	Mcclure	2024-04-04 07:56:40.849546	2024-04-04 07:56:40.849546
107	egestas.	(093)858-12-63	hansencolin@yahoo.edu	customer	Colin	Hansen	2024-04-04 07:56:40.849546	2024-04-04 07:56:40.849546
108	augue	(059)235-68-38	ayala_lewis@hotmail.edu	customer	Lewis	Ayala	2024-04-04 07:56:40.849546	2024-04-04 07:56:40.849546
109	Aliquam	(075)518-91-21	h-baxter2590@google.org	customer	Baxter	Howard	2024-04-04 07:56:40.849546	2024-04-04 07:56:40.849546
110	Fusce	(000)250-62-97	g-decker@google.couk	customer	Gage	Decker	2024-04-04 07:56:40.849546	2024-04-04 07:56:40.849546
111	nec,	(024)131-42-15	g-fletcher@outlook.ca	customer	Fletcher	Glover	2024-04-04 07:56:40.849546	2024-04-04 07:56:40.849546
112	Mauris	(073)944-13-56	j.marshall@yahoo.com	customer	Josiah	Marshall	2024-04-04 07:56:40.849546	2024-04-04 07:56:40.849546
113	tortor.	(059)056-56-12	love.omar@icloud.couk	advisor	Omar	Love	2024-04-04 08:01:43.078348	2024-04-04 08:01:43.078348
114	ullamcorper,	(067)158-28-21	avilaemmanuel@yahoo.edu	advisor	Emmanuel	Avila	2024-04-04 08:01:43.078348	2024-04-04 08:01:43.078348
115	sapien.	(092)284-58-14	coxkirsten@icloud.com	advisor	Kirsten	Cox	2024-04-04 08:01:43.078348	2024-04-04 08:01:43.078348
116	penatibus	(016)365-14-62	hopkins-heather@protonmail.ca	advisor	Heather	Hopkins	2024-04-04 08:01:43.078348	2024-04-04 08:01:43.078348
117	nibh.	(037)689-57-76	potter-jamal@aol.org	advisor	Jamal	Potter	2024-04-04 08:01:43.078348	2024-04-04 08:01:43.078348
121	dddddd	dddddd	dddddd	customer	dddddd	dddddd	2024-04-07 18:14:10.783515	2024-04-07 18:14:10.783515
\.


--
-- Name: attributes_id_seq; Type: SEQUENCE SET; Schema: public; Owner: postgres
--

SELECT pg_catalog.setval('public.attributes_id_seq', 657, true);


--
-- Name: categories_id_seq; Type: SEQUENCE SET; Schema: public; Owner: postgres
--

SELECT pg_catalog.setval('public.categories_id_seq', 319, true);


--
-- Name: comments_id_seq; Type: SEQUENCE SET; Schema: public; Owner: postgres
--

SELECT pg_catalog.setval('public.comments_id_seq', 2, true);


--
-- Name: deliveries_id_seq; Type: SEQUENCE SET; Schema: public; Owner: postgres
--

SELECT pg_catalog.setval('public.deliveries_id_seq', 1, true);


--
-- Name: leads_id_seq; Type: SEQUENCE SET; Schema: public; Owner: postgres
--

SELECT pg_catalog.setval('public.leads_id_seq', 5, true);


--
-- Name: orders_id_seq; Type: SEQUENCE SET; Schema: public; Owner: postgres
--

SELECT pg_catalog.setval('public.orders_id_seq', 2, true);


--
-- Name: photos_id_seq; Type: SEQUENCE SET; Schema: public; Owner: postgres
--

SELECT pg_catalog.setval('public.photos_id_seq', 707, true);


--
-- Name: products_id_seq; Type: SEQUENCE SET; Schema: public; Owner: postgres
--

SELECT pg_catalog.setval('public.products_id_seq', 103, true);


--
-- Name: sessions_id_seq; Type: SEQUENCE SET; Schema: public; Owner: postgres
--

SELECT pg_catalog.setval('public.sessions_id_seq', 3, true);


--
-- Name: upsales_id_seq; Type: SEQUENCE SET; Schema: public; Owner: postgres
--

SELECT pg_catalog.setval('public.upsales_id_seq', 4, true);


--
-- Name: users_id_seq; Type: SEQUENCE SET; Schema: public; Owner: postgres
--

SELECT pg_catalog.setval('public.users_id_seq', 135, true);


--
-- Name: advisors advisors_pkey; Type: CONSTRAINT; Schema: public; Owner: postgres
--

ALTER TABLE ONLY public.advisors
    ADD CONSTRAINT advisors_pkey PRIMARY KEY (id);


--
-- Name: attributes attributes_pkey; Type: CONSTRAINT; Schema: public; Owner: postgres
--

ALTER TABLE ONLY public.attributes
    ADD CONSTRAINT attributes_pkey PRIMARY KEY (id);


--
-- Name: categories categories_pkey; Type: CONSTRAINT; Schema: public; Owner: postgres
--

ALTER TABLE ONLY public.categories
    ADD CONSTRAINT categories_pkey PRIMARY KEY (id);


--
-- Name: comments comments_pkey; Type: CONSTRAINT; Schema: public; Owner: postgres
--

ALTER TABLE ONLY public.comments
    ADD CONSTRAINT comments_pkey PRIMARY KEY (id);


--
-- Name: customers customers_pkey; Type: CONSTRAINT; Schema: public; Owner: postgres
--

ALTER TABLE ONLY public.customers
    ADD CONSTRAINT customers_pkey PRIMARY KEY (id);


--
-- Name: customers_products customers_products_pkey; Type: CONSTRAINT; Schema: public; Owner: postgres
--

ALTER TABLE ONLY public.customers_products
    ADD CONSTRAINT customers_products_pkey PRIMARY KEY (product_id, customer_id, rel_type);


--
-- Name: deliveries deliveries_pkey; Type: CONSTRAINT; Schema: public; Owner: postgres
--

ALTER TABLE ONLY public.deliveries
    ADD CONSTRAINT deliveries_pkey PRIMARY KEY (id);


--
-- Name: filters filters_pkey; Type: CONSTRAINT; Schema: public; Owner: postgres
--

ALTER TABLE ONLY public.filters
    ADD CONSTRAINT filters_pkey PRIMARY KEY (attribute_id, category_id);


--
-- Name: follows follows_pkey; Type: CONSTRAINT; Schema: public; Owner: postgres
--

ALTER TABLE ONLY public.follows
    ADD CONSTRAINT follows_pkey PRIMARY KEY (following_user_id, followed_user_id);


--
-- Name: leads leads_pkey; Type: CONSTRAINT; Schema: public; Owner: postgres
--

ALTER TABLE ONLY public.leads
    ADD CONSTRAINT leads_pkey PRIMARY KEY (id);


--
-- Name: orders orders_pkey; Type: CONSTRAINT; Schema: public; Owner: postgres
--

ALTER TABLE ONLY public.orders
    ADD CONSTRAINT orders_pkey PRIMARY KEY (id);


--
-- Name: photos photos_pkey; Type: CONSTRAINT; Schema: public; Owner: postgres
--

ALTER TABLE ONLY public.photos
    ADD CONSTRAINT photos_pkey PRIMARY KEY (id);


--
-- Name: products_leads products_leads_pkey; Type: CONSTRAINT; Schema: public; Owner: postgres
--

ALTER TABLE ONLY public.products_leads
    ADD CONSTRAINT products_leads_pkey PRIMARY KEY (products_id, leads_id);


--
-- Name: products products_pkey; Type: CONSTRAINT; Schema: public; Owner: postgres
--

ALTER TABLE ONLY public.products
    ADD CONSTRAINT products_pkey PRIMARY KEY (id);


--
-- Name: products_upsales products_upsales_pkey; Type: CONSTRAINT; Schema: public; Owner: postgres
--

ALTER TABLE ONLY public.products_upsales
    ADD CONSTRAINT products_upsales_pkey PRIMARY KEY (products_id, upsales_id);


--
-- Name: related_products related_products_pkey; Type: CONSTRAINT; Schema: public; Owner: postgres
--

ALTER TABLE ONLY public.related_products
    ADD CONSTRAINT related_products_pkey PRIMARY KEY (product_id, related_product_id);


--
-- Name: sessions sessions_pkey; Type: CONSTRAINT; Schema: public; Owner: postgres
--

ALTER TABLE ONLY public.sessions
    ADD CONSTRAINT sessions_pkey PRIMARY KEY (id);


--
-- Name: attributes unique_attribute; Type: CONSTRAINT; Schema: public; Owner: postgres
--

ALTER TABLE ONLY public.attributes
    ADD CONSTRAINT unique_attribute UNIQUE (key, product_id);


--
-- Name: photos unique_photo; Type: CONSTRAINT; Schema: public; Owner: postgres
--

ALTER TABLE ONLY public.photos
    ADD CONSTRAINT unique_photo UNIQUE (uri, product_id);


--
-- Name: upsales upsales_pkey; Type: CONSTRAINT; Schema: public; Owner: postgres
--

ALTER TABLE ONLY public.upsales
    ADD CONSTRAINT upsales_pkey PRIMARY KEY (id);


--
-- Name: users users_pkey; Type: CONSTRAINT; Schema: public; Owner: postgres
--

ALTER TABLE ONLY public.users
    ADD CONSTRAINT users_pkey PRIMARY KEY (id);


--
-- Name: advisors advisors_id_fkey; Type: FK CONSTRAINT; Schema: public; Owner: postgres
--

ALTER TABLE ONLY public.advisors
    ADD CONSTRAINT advisors_id_fkey FOREIGN KEY (id) REFERENCES public.users(id);


--
-- Name: attributes attributes_product_id_fkey; Type: FK CONSTRAINT; Schema: public; Owner: postgres
--

ALTER TABLE ONLY public.attributes
    ADD CONSTRAINT attributes_product_id_fkey FOREIGN KEY (product_id) REFERENCES public.products(id);


--
-- Name: categories categories_parent_category_id_fkey; Type: FK CONSTRAINT; Schema: public; Owner: postgres
--

ALTER TABLE ONLY public.categories
    ADD CONSTRAINT categories_parent_category_id_fkey FOREIGN KEY (parent_category_id) REFERENCES public.categories(id);


--
-- Name: comments comments_product_id_fkey; Type: FK CONSTRAINT; Schema: public; Owner: postgres
--

ALTER TABLE ONLY public.comments
    ADD CONSTRAINT comments_product_id_fkey FOREIGN KEY (product_id) REFERENCES public.products(id);


--
-- Name: comments comments_reply_comment_id_fkey; Type: FK CONSTRAINT; Schema: public; Owner: postgres
--

ALTER TABLE ONLY public.comments
    ADD CONSTRAINT comments_reply_comment_id_fkey FOREIGN KEY (reply_comment_id) REFERENCES public.comments(id);


--
-- Name: comments comments_user_id_fkey; Type: FK CONSTRAINT; Schema: public; Owner: postgres
--

ALTER TABLE ONLY public.comments
    ADD CONSTRAINT comments_user_id_fkey FOREIGN KEY (user_id) REFERENCES public.users(id);


--
-- Name: customers customers_id_fkey; Type: FK CONSTRAINT; Schema: public; Owner: postgres
--

ALTER TABLE ONLY public.customers
    ADD CONSTRAINT customers_id_fkey FOREIGN KEY (id) REFERENCES public.users(id);


--
-- Name: customers_products customers_products_customer_id_fkey; Type: FK CONSTRAINT; Schema: public; Owner: postgres
--

ALTER TABLE ONLY public.customers_products
    ADD CONSTRAINT customers_products_customer_id_fkey FOREIGN KEY (customer_id) REFERENCES public.customers(id);


--
-- Name: customers_products customers_products_product_id_fkey; Type: FK CONSTRAINT; Schema: public; Owner: postgres
--

ALTER TABLE ONLY public.customers_products
    ADD CONSTRAINT customers_products_product_id_fkey FOREIGN KEY (product_id) REFERENCES public.products(id);


--
-- Name: deliveries deliveries_order_id_fkey; Type: FK CONSTRAINT; Schema: public; Owner: postgres
--

ALTER TABLE ONLY public.deliveries
    ADD CONSTRAINT deliveries_order_id_fkey FOREIGN KEY (order_id) REFERENCES public.orders(id);


--
-- Name: filters filters_attribute_id_fkey; Type: FK CONSTRAINT; Schema: public; Owner: postgres
--

ALTER TABLE ONLY public.filters
    ADD CONSTRAINT filters_attribute_id_fkey FOREIGN KEY (attribute_id) REFERENCES public.attributes(id);


--
-- Name: filters filters_category_id_fkey; Type: FK CONSTRAINT; Schema: public; Owner: postgres
--

ALTER TABLE ONLY public.filters
    ADD CONSTRAINT filters_category_id_fkey FOREIGN KEY (category_id) REFERENCES public.categories(id);


--
-- Name: follows follows_followed_user_id_fkey; Type: FK CONSTRAINT; Schema: public; Owner: postgres
--

ALTER TABLE ONLY public.follows
    ADD CONSTRAINT follows_followed_user_id_fkey FOREIGN KEY (followed_user_id) REFERENCES public.users(id);


--
-- Name: follows follows_following_user_id_fkey; Type: FK CONSTRAINT; Schema: public; Owner: postgres
--

ALTER TABLE ONLY public.follows
    ADD CONSTRAINT follows_following_user_id_fkey FOREIGN KEY (following_user_id) REFERENCES public.users(id);


--
-- Name: leads leads_advisor_id_fkey; Type: FK CONSTRAINT; Schema: public; Owner: postgres
--

ALTER TABLE ONLY public.leads
    ADD CONSTRAINT leads_advisor_id_fkey FOREIGN KEY (advisor_id) REFERENCES public.advisors(id);


--
-- Name: leads leads_customer_id_fkey; Type: FK CONSTRAINT; Schema: public; Owner: postgres
--

ALTER TABLE ONLY public.leads
    ADD CONSTRAINT leads_customer_id_fkey FOREIGN KEY (customer_id) REFERENCES public.customers(id);


--
-- Name: orders orders_lead_id_fkey; Type: FK CONSTRAINT; Schema: public; Owner: postgres
--

ALTER TABLE ONLY public.orders
    ADD CONSTRAINT orders_lead_id_fkey FOREIGN KEY (lead_id) REFERENCES public.leads(id);


--
-- Name: orders orders_upsale_id_fkey; Type: FK CONSTRAINT; Schema: public; Owner: postgres
--

ALTER TABLE ONLY public.orders
    ADD CONSTRAINT orders_upsale_id_fkey FOREIGN KEY (upsale_id) REFERENCES public.upsales(id);


--
-- Name: photos photos_product_id_fkey; Type: FK CONSTRAINT; Schema: public; Owner: postgres
--

ALTER TABLE ONLY public.photos
    ADD CONSTRAINT photos_product_id_fkey FOREIGN KEY (product_id) REFERENCES public.products(id);


--
-- Name: products products_category_id_fkey; Type: FK CONSTRAINT; Schema: public; Owner: postgres
--

ALTER TABLE ONLY public.products
    ADD CONSTRAINT products_category_id_fkey FOREIGN KEY (category_id) REFERENCES public.categories(id);


--
-- Name: products_leads products_leads_leads_id_fkey; Type: FK CONSTRAINT; Schema: public; Owner: postgres
--

ALTER TABLE ONLY public.products_leads
    ADD CONSTRAINT products_leads_leads_id_fkey FOREIGN KEY (leads_id) REFERENCES public.leads(id);


--
-- Name: products_leads products_leads_products_id_fkey; Type: FK CONSTRAINT; Schema: public; Owner: postgres
--

ALTER TABLE ONLY public.products_leads
    ADD CONSTRAINT products_leads_products_id_fkey FOREIGN KEY (products_id) REFERENCES public.products(id);


--
-- Name: products_upsales products_upsales_products_id_fkey; Type: FK CONSTRAINT; Schema: public; Owner: postgres
--

ALTER TABLE ONLY public.products_upsales
    ADD CONSTRAINT products_upsales_products_id_fkey FOREIGN KEY (products_id) REFERENCES public.products(id);


--
-- Name: products_upsales products_upsales_upsales_id_fkey; Type: FK CONSTRAINT; Schema: public; Owner: postgres
--

ALTER TABLE ONLY public.products_upsales
    ADD CONSTRAINT products_upsales_upsales_id_fkey FOREIGN KEY (upsales_id) REFERENCES public.upsales(id);


--
-- Name: related_products related_products_product_id_fkey; Type: FK CONSTRAINT; Schema: public; Owner: postgres
--

ALTER TABLE ONLY public.related_products
    ADD CONSTRAINT related_products_product_id_fkey FOREIGN KEY (product_id) REFERENCES public.products(id);


--
-- Name: related_products related_products_related_product_id_fkey; Type: FK CONSTRAINT; Schema: public; Owner: postgres
--

ALTER TABLE ONLY public.related_products
    ADD CONSTRAINT related_products_related_product_id_fkey FOREIGN KEY (related_product_id) REFERENCES public.products(id);


--
-- Name: sessions sessions_user_id_fkey; Type: FK CONSTRAINT; Schema: public; Owner: postgres
--

ALTER TABLE ONLY public.sessions
    ADD CONSTRAINT sessions_user_id_fkey FOREIGN KEY (user_id) REFERENCES public.users(id);


--
-- Name: upsales upsales_advisor_id_fkey; Type: FK CONSTRAINT; Schema: public; Owner: postgres
--

ALTER TABLE ONLY public.upsales
    ADD CONSTRAINT upsales_advisor_id_fkey FOREIGN KEY (advisor_id) REFERENCES public.advisors(id);


--
-- Name: upsales upsales_customer_id_fkey; Type: FK CONSTRAINT; Schema: public; Owner: postgres
--

ALTER TABLE ONLY public.upsales
    ADD CONSTRAINT upsales_customer_id_fkey FOREIGN KEY (customer_id) REFERENCES public.customers(id);


--
-- PostgreSQL database dump complete
--

